[
{
  "pk": 3, 
  "model": "album.imagecollection", 
  "fields": {
    "status": 2, 
    "description": "The koilawallahs of Godda", 
    "title": "The koilawallahs of Godda", 
    "short_url": null, 
    "site": 1, 
    "in_sitemap": true, 
    "keywords_string": "", 
    "_meta_title": null, 
    "expiry_date": null, 
    "publish_date": "2014-03-12T10:06:10.481Z", 
    "slug": "the-koilawallahs-of-godda", 
    "gen_description": true, 
    "zip_import": ""
  }
},
{
  "pk": 4, 
  "model": "album.imagecollection", 
  "fields": {
    "status": 2, 
    "description": "The Green Army", 
    "title": "The Green Army", 
    "short_url": null, 
    "site": 1, 
    "in_sitemap": true, 
    "keywords_string": "", 
    "_meta_title": null, 
    "expiry_date": null, 
    "publish_date": "2014-03-12T10:36:56.155Z", 
    "slug": "the-green-army", 
    "gen_description": true, 
    "zip_import": ""
  }
},
{
  "pk": 11, 
  "model": "album.imagecollection", 
  "fields": {
    "status": 2, 
    "description": "Yavatmal", 
    "title": "Yavatmal", 
    "short_url": null, 
    "site": 1, 
    "in_sitemap": true, 
    "keywords_string": "", 
    "_meta_title": null, 
    "expiry_date": null, 
    "publish_date": "2014-03-21T08:29:29.216Z", 
    "slug": "yavatmal", 
    "gen_description": true, 
    "zip_import": ""
  }
},
{
  "pk": 12, 
  "model": "album.imagecollection", 
  "fields": {
    "status": 2, 
    "description": "Kalahandi", 
    "title": "Kalahandi", 
    "short_url": null, 
    "site": 1, 
    "in_sitemap": true, 
    "keywords_string": "", 
    "_meta_title": null, 
    "expiry_date": null, 
    "publish_date": "2014-03-21T08:29:44.458Z", 
    "slug": "kalahandi", 
    "gen_description": true, 
    "zip_import": ""
  }
},
{
  "pk": 13, 
  "model": "album.imagecollection", 
  "fields": {
    "status": 2, 
    "description": "Kurnool", 
    "title": "Kurnool", 
    "short_url": null, 
    "site": 1, 
    "in_sitemap": true, 
    "keywords_string": "", 
    "_meta_title": null, 
    "expiry_date": null, 
    "publish_date": "2014-03-21T08:31:20.952Z", 
    "slug": "kurnool", 
    "gen_description": true, 
    "zip_import": ""
  }
},
{
  "pk": 14, 
  "model": "album.imagecollection", 
  "fields": {
    "status": 2, 
    "description": "Jalgaon", 
    "title": "Jalgaon", 
    "short_url": null, 
    "site": 1, 
    "in_sitemap": true, 
    "keywords_string": "", 
    "_meta_title": null, 
    "expiry_date": null, 
    "publish_date": "2014-03-21T08:32:32.231Z", 
    "slug": "jalgaon", 
    "gen_description": true, 
    "zip_import": ""
  }
},
{
  "pk": 15, 
  "model": "album.imagecollection", 
  "fields": {
    "status": 2, 
    "description": "South Andamans", 
    "title": "South Andamans", 
    "short_url": null, 
    "site": 1, 
    "in_sitemap": true, 
    "keywords_string": "", 
    "_meta_title": null, 
    "expiry_date": null, 
    "publish_date": "2014-03-21T08:33:28.101Z", 
    "slug": "south-andamans", 
    "gen_description": true, 
    "zip_import": ""
  }
},
{
  "pk": 16, 
  "model": "album.imagecollection", 
  "fields": {
    "status": 2, 
    "description": "Amravati", 
    "title": "Amravati", 
    "short_url": null, 
    "site": 1, 
    "in_sitemap": true, 
    "keywords_string": "", 
    "_meta_title": null, 
    "expiry_date": null, 
    "publish_date": "2014-03-21T08:34:17.558Z", 
    "slug": "amravati", 
    "gen_description": true, 
    "zip_import": ""
  }
},
{
  "pk": 17, 
  "model": "album.imagecollection", 
  "fields": {
    "status": 2, 
    "description": "Buldhana", 
    "title": "Buldhana", 
    "short_url": null, 
    "site": 1, 
    "in_sitemap": true, 
    "keywords_string": "", 
    "_meta_title": null, 
    "expiry_date": null, 
    "publish_date": "2014-03-21T08:34:40.809Z", 
    "slug": "buldhana", 
    "gen_description": true, 
    "zip_import": ""
  }
},
{
  "pk": 18, 
  "model": "album.imagecollection", 
  "fields": {
    "status": 2, 
    "description": "Buldhana", 
    "title": "Buldhana", 
    "short_url": null, 
    "site": 1, 
    "in_sitemap": true, 
    "keywords_string": "", 
    "_meta_title": null, 
    "expiry_date": null, 
    "publish_date": "2014-03-21T08:36:44.509Z", 
    "slug": "buldhana-1", 
    "gen_description": true, 
    "zip_import": ""
  }
},
{
  "pk": 19, 
  "model": "album.imagecollection", 
  "fields": {
    "status": 2, 
    "description": "Sangli", 
    "title": "Sangli", 
    "short_url": null, 
    "site": 1, 
    "in_sitemap": true, 
    "keywords_string": "", 
    "_meta_title": null, 
    "expiry_date": null, 
    "publish_date": "2014-03-21T08:37:05.469Z", 
    "slug": "sangli", 
    "gen_description": true, 
    "zip_import": ""
  }
},
{
  "pk": 20, 
  "model": "album.imagecollection", 
  "fields": {
    "status": 2, 
    "description": "Anantapur ", 
    "title": "Anantapur ", 
    "short_url": null, 
    "site": 1, 
    "in_sitemap": true, 
    "keywords_string": "", 
    "_meta_title": null, 
    "expiry_date": null, 
    "publish_date": "2014-03-21T08:37:57.933Z", 
    "slug": "anantapur", 
    "gen_description": true, 
    "zip_import": ""
  }
},
{
  "pk": 21, 
  "model": "album.imagecollection", 
  "fields": {
    "status": 2, 
    "description": "Birbhum", 
    "title": "Birbhum", 
    "short_url": null, 
    "site": 1, 
    "in_sitemap": true, 
    "keywords_string": "", 
    "_meta_title": null, 
    "expiry_date": null, 
    "publish_date": "2014-03-21T08:38:15.882Z", 
    "slug": "birbhum", 
    "gen_description": true, 
    "zip_import": ""
  }
},
{
  "pk": 22, 
  "model": "album.imagecollection", 
  "fields": {
    "status": 2, 
    "description": "Jagatsinghpur", 
    "title": "Jagatsinghpur", 
    "short_url": null, 
    "site": 1, 
    "in_sitemap": true, 
    "keywords_string": "", 
    "_meta_title": null, 
    "expiry_date": null, 
    "publish_date": "2014-03-21T08:40:51.187Z", 
    "slug": "jagatsinghpur", 
    "gen_description": true, 
    "zip_import": ""
  }
},
{
  "pk": 23, 
  "model": "album.imagecollection", 
  "fields": {
    "status": 2, 
    "description": "Mandya", 
    "title": "Mandya", 
    "short_url": null, 
    "site": 1, 
    "in_sitemap": true, 
    "keywords_string": "", 
    "_meta_title": null, 
    "expiry_date": null, 
    "publish_date": "2014-03-21T08:41:35.450Z", 
    "slug": "mandya", 
    "gen_description": true, 
    "zip_import": ""
  }
},
{
  "pk": 24, 
  "model": "album.imagecollection", 
  "fields": {
    "status": 2, 
    "description": "Mandya", 
    "title": "Mandya", 
    "short_url": null, 
    "site": 1, 
    "in_sitemap": true, 
    "keywords_string": "", 
    "_meta_title": null, 
    "expiry_date": null, 
    "publish_date": "2014-03-21T08:41:39.747Z", 
    "slug": "mandya-1", 
    "gen_description": true, 
    "zip_import": ""
  }
},
{
  "pk": 25, 
  "model": "album.imagecollection", 
  "fields": {
    "status": 2, 
    "description": "Nalagonda", 
    "title": "Nalagonda", 
    "short_url": null, 
    "site": 1, 
    "in_sitemap": true, 
    "keywords_string": "", 
    "_meta_title": null, 
    "expiry_date": null, 
    "publish_date": "2014-03-21T08:42:26.684Z", 
    "slug": "nalagonda", 
    "gen_description": true, 
    "zip_import": ""
  }
},
{
  "pk": 26, 
  "model": "album.imagecollection", 
  "fields": {
    "status": 2, 
    "description": "Sundergarh", 
    "title": "Sundergarh", 
    "short_url": null, 
    "site": 1, 
    "in_sitemap": true, 
    "keywords_string": "", 
    "_meta_title": null, 
    "expiry_date": null, 
    "publish_date": "2014-03-21T08:43:07.903Z", 
    "slug": "sundergarh", 
    "gen_description": true, 
    "zip_import": ""
  }
},
{
  "pk": 27, 
  "model": "album.imagecollection", 
  "fields": {
    "status": 2, 
    "description": "Dhamtari", 
    "title": "Dhamtari", 
    "short_url": null, 
    "site": 1, 
    "in_sitemap": true, 
    "keywords_string": "", 
    "_meta_title": null, 
    "expiry_date": null, 
    "publish_date": "2014-03-21T08:43:13.177Z", 
    "slug": "dhamtari", 
    "gen_description": true, 
    "zip_import": ""
  }
},
{
  "pk": 28, 
  "model": "album.imagecollection", 
  "fields": {
    "status": 2, 
    "description": "Idukki", 
    "title": "Idukki", 
    "short_url": null, 
    "site": 1, 
    "in_sitemap": true, 
    "keywords_string": "", 
    "_meta_title": null, 
    "expiry_date": null, 
    "publish_date": "2014-03-21T08:43:53.775Z", 
    "slug": "idukki", 
    "gen_description": true, 
    "zip_import": ""
  }
},
{
  "pk": 29, 
  "model": "album.imagecollection", 
  "fields": {
    "status": 2, 
    "description": "Wardha", 
    "title": "Wardha", 
    "short_url": null, 
    "site": 1, 
    "in_sitemap": true, 
    "keywords_string": "", 
    "_meta_title": null, 
    "expiry_date": null, 
    "publish_date": "2014-03-21T08:45:33.271Z", 
    "slug": "wardha", 
    "gen_description": true, 
    "zip_import": ""
  }
},
{
  "pk": 30, 
  "model": "album.imagecollection", 
  "fields": {
    "status": 2, 
    "description": "Washim", 
    "title": "Washim", 
    "short_url": null, 
    "site": 1, 
    "in_sitemap": true, 
    "keywords_string": "", 
    "_meta_title": null, 
    "expiry_date": null, 
    "publish_date": "2014-03-21T08:46:24.223Z", 
    "slug": "washim", 
    "gen_description": true, 
    "zip_import": ""
  }
},
{
  "pk": 21, 
  "model": "album.imagecollectionimage", 
  "fields": {
    "status": 2, 
    "_order": 0, 
    "description": "Godda Koilawallah  9009", 
    "title": "", 
    "short_url": null, 
    "site": 1, 
    "in_sitemap": true, 
    "keywords_string": "", 
    "_meta_title": null, 
    "expiry_date": null, 
    "publish_date": "2014-03-12T10:06:10.622Z", 
    "file": "uploads/albums/the-koilawallahs-of-godda/godda_koilawallah_9009.jpg", 
    "image_collection": 3, 
    "slug": "-20", 
    "gen_description": false
  }
},
{
  "pk": 22, 
  "model": "album.imagecollectionimage", 
  "fields": {
    "status": 2, 
    "_order": 1, 
    "description": "Godda Koilawallah 10010 CV", 
    "title": "", 
    "short_url": null, 
    "site": 1, 
    "in_sitemap": true, 
    "keywords_string": "", 
    "_meta_title": null, 
    "expiry_date": null, 
    "publish_date": "2014-03-12T10:06:10.829Z", 
    "file": "uploads/albums/the-koilawallahs-of-godda/godda_koilawallah_10010_cv.jpg", 
    "image_collection": 3, 
    "slug": "-21", 
    "gen_description": false
  }
},
{
  "pk": 23, 
  "model": "album.imagecollectionimage", 
  "fields": {
    "status": 2, 
    "_order": 2, 
    "description": "Godda Koilawallah 11011", 
    "title": "", 
    "short_url": null, 
    "site": 1, 
    "in_sitemap": true, 
    "keywords_string": "", 
    "_meta_title": null, 
    "expiry_date": null, 
    "publish_date": "2014-03-12T10:06:11.045Z", 
    "file": "uploads/albums/the-koilawallahs-of-godda/godda_koilawallah_11011.jpg", 
    "image_collection": 3, 
    "slug": "-22", 
    "gen_description": false
  }
},
{
  "pk": 24, 
  "model": "album.imagecollectionimage", 
  "fields": {
    "status": 2, 
    "_order": 3, 
    "description": "Godda Koilawallah 12012", 
    "title": "", 
    "short_url": null, 
    "site": 1, 
    "in_sitemap": true, 
    "keywords_string": "", 
    "_meta_title": null, 
    "expiry_date": null, 
    "publish_date": "2014-03-12T10:06:11.274Z", 
    "file": "uploads/albums/the-koilawallahs-of-godda/godda_koilawallah_12012.jpg", 
    "image_collection": 3, 
    "slug": "-23", 
    "gen_description": false
  }
},
{
  "pk": 25, 
  "model": "album.imagecollectionimage", 
  "fields": {
    "status": 2, 
    "_order": 4, 
    "description": "Godda Koilawallah 13013", 
    "title": "", 
    "short_url": null, 
    "site": 1, 
    "in_sitemap": true, 
    "keywords_string": "", 
    "_meta_title": null, 
    "expiry_date": null, 
    "publish_date": "2014-03-12T10:06:11.552Z", 
    "file": "uploads/albums/the-koilawallahs-of-godda/godda_koilawallah_13013.jpg", 
    "image_collection": 3, 
    "slug": "-24", 
    "gen_description": false
  }
},
{
  "pk": 26, 
  "model": "album.imagecollectionimage", 
  "fields": {
    "status": 2, 
    "_order": 5, 
    "description": "Godda Koilawallah 2002", 
    "title": "", 
    "short_url": null, 
    "site": 1, 
    "in_sitemap": true, 
    "keywords_string": "", 
    "_meta_title": null, 
    "expiry_date": null, 
    "publish_date": "2014-03-12T10:06:11.807Z", 
    "file": "uploads/albums/the-koilawallahs-of-godda/godda_koilawallah_2002.jpg", 
    "image_collection": 3, 
    "slug": "-25", 
    "gen_description": false
  }
},
{
  "pk": 27, 
  "model": "album.imagecollectionimage", 
  "fields": {
    "status": 2, 
    "_order": 6, 
    "description": "Godda Koilawallah 3003", 
    "title": "", 
    "short_url": null, 
    "site": 1, 
    "in_sitemap": true, 
    "keywords_string": "", 
    "_meta_title": null, 
    "expiry_date": null, 
    "publish_date": "2014-03-12T10:06:12.062Z", 
    "file": "uploads/albums/the-koilawallahs-of-godda/godda_koilawallah_3003.jpg", 
    "image_collection": 3, 
    "slug": "-26", 
    "gen_description": false
  }
},
{
  "pk": 28, 
  "model": "album.imagecollectionimage", 
  "fields": {
    "status": 2, 
    "_order": 7, 
    "description": "Godda Koilawallah 4005", 
    "title": "", 
    "short_url": null, 
    "site": 1, 
    "in_sitemap": true, 
    "keywords_string": "", 
    "_meta_title": null, 
    "expiry_date": null, 
    "publish_date": "2014-03-12T10:06:12.332Z", 
    "file": "uploads/albums/the-koilawallahs-of-godda/godda_koilawallah_4005.jpg", 
    "image_collection": 3, 
    "slug": "-27", 
    "gen_description": false
  }
},
{
  "pk": 29, 
  "model": "album.imagecollectionimage", 
  "fields": {
    "status": 2, 
    "_order": 8, 
    "description": "Godda Koilawallah 5005", 
    "title": "", 
    "short_url": null, 
    "site": 1, 
    "in_sitemap": true, 
    "keywords_string": "", 
    "_meta_title": null, 
    "expiry_date": null, 
    "publish_date": "2014-03-12T10:06:12.646Z", 
    "file": "uploads/albums/the-koilawallahs-of-godda/godda_koilawallah_5005.jpg", 
    "image_collection": 3, 
    "slug": "-28", 
    "gen_description": false
  }
},
{
  "pk": 30, 
  "model": "album.imagecollectionimage", 
  "fields": {
    "status": 2, 
    "_order": 9, 
    "description": "Godda Koilawallah 6006", 
    "title": "", 
    "short_url": null, 
    "site": 1, 
    "in_sitemap": true, 
    "keywords_string": "", 
    "_meta_title": null, 
    "expiry_date": null, 
    "publish_date": "2014-03-12T10:06:12.963Z", 
    "file": "uploads/albums/the-koilawallahs-of-godda/godda_koilawallah_6006.jpg", 
    "image_collection": 3, 
    "slug": "-29", 
    "gen_description": false
  }
},
{
  "pk": 31, 
  "model": "album.imagecollectionimage", 
  "fields": {
    "status": 2, 
    "_order": 10, 
    "description": "Godda Koilawallah 7007", 
    "title": "", 
    "short_url": null, 
    "site": 1, 
    "in_sitemap": true, 
    "keywords_string": "", 
    "_meta_title": null, 
    "expiry_date": null, 
    "publish_date": "2014-03-12T10:06:13.275Z", 
    "file": "uploads/albums/the-koilawallahs-of-godda/godda_koilawallah_7007.jpg", 
    "image_collection": 3, 
    "slug": "-30", 
    "gen_description": false
  }
},
{
  "pk": 32, 
  "model": "album.imagecollectionimage", 
  "fields": {
    "status": 2, 
    "_order": 11, 
    "description": "Godda Koilawallah 8008", 
    "title": "", 
    "short_url": null, 
    "site": 1, 
    "in_sitemap": true, 
    "keywords_string": "", 
    "_meta_title": null, 
    "expiry_date": null, 
    "publish_date": "2014-03-12T10:06:13.620Z", 
    "file": "uploads/albums/the-koilawallahs-of-godda/godda_koilawallah_8008.jpg", 
    "image_collection": 3, 
    "slug": "-31", 
    "gen_description": false
  }
},
{
  "pk": 33, 
  "model": "album.imagecollectionimage", 
  "fields": {
    "status": 2, 
    "_order": 12, 
    "description": "Godda Koilawallah 14014", 
    "title": "", 
    "short_url": null, 
    "site": 1, 
    "in_sitemap": true, 
    "keywords_string": "", 
    "_meta_title": null, 
    "expiry_date": null, 
    "publish_date": "2014-03-12T10:33:12.909Z", 
    "file": "uploads/albums/the-koilawallahs-of-godda/godda_koilawallah_14014.jpg", 
    "image_collection": 3, 
    "slug": "-32", 
    "gen_description": false
  }
},
{
  "pk": 34, 
  "model": "album.imagecollectionimage", 
  "fields": {
    "status": 2, 
    "_order": 13, 
    "description": "Godda Koilawallah 1001", 
    "title": "", 
    "short_url": null, 
    "site": 1, 
    "in_sitemap": true, 
    "keywords_string": "", 
    "_meta_title": null, 
    "expiry_date": null, 
    "publish_date": "2014-03-12T10:33:13.235Z", 
    "file": "uploads/albums/the-koilawallahs-of-godda/godda_koilawallah_1001.jpg", 
    "image_collection": 3, 
    "slug": "-33", 
    "gen_description": false
  }
},
{
  "pk": 35, 
  "model": "album.imagecollectionimage", 
  "fields": {
    "status": 2, 
    "_order": 34, 
    "description": "GA Thrissur 01", 
    "title": "", 
    "short_url": null, 
    "site": 1, 
    "in_sitemap": true, 
    "keywords_string": "", 
    "_meta_title": null, 
    "expiry_date": null, 
    "publish_date": "2014-03-12T10:36:56.356Z", 
    "file": "uploads/albums/the-green-army/ga_thrissur_01.jpg", 
    "image_collection": 4, 
    "slug": "-34", 
    "gen_description": false
  }
},
{
  "pk": 36, 
  "model": "album.imagecollectionimage", 
  "fields": {
    "status": 2, 
    "_order": 35, 
    "description": "Ga Thrissur 02", 
    "title": "", 
    "short_url": null, 
    "site": 1, 
    "in_sitemap": true, 
    "keywords_string": "", 
    "_meta_title": null, 
    "expiry_date": null, 
    "publish_date": "2014-03-12T10:36:56.743Z", 
    "file": "uploads/albums/the-green-army/ga_thrissur_02.jpg", 
    "image_collection": 4, 
    "slug": "-35", 
    "gen_description": false
  }
},
{
  "pk": 37, 
  "model": "album.imagecollectionimage", 
  "fields": {
    "status": 2, 
    "_order": 36, 
    "description": "Ga Thrissur 03", 
    "title": "", 
    "short_url": null, 
    "site": 1, 
    "in_sitemap": true, 
    "keywords_string": "", 
    "_meta_title": null, 
    "expiry_date": null, 
    "publish_date": "2014-03-12T10:36:57.145Z", 
    "file": "uploads/albums/the-green-army/ga_thrissur_03.jpg", 
    "image_collection": 4, 
    "slug": "-36", 
    "gen_description": false
  }
},
{
  "pk": 38, 
  "model": "album.imagecollectionimage", 
  "fields": {
    "status": 2, 
    "_order": 37, 
    "description": "Ga Thrissur 04", 
    "title": "", 
    "short_url": null, 
    "site": 1, 
    "in_sitemap": true, 
    "keywords_string": "", 
    "_meta_title": null, 
    "expiry_date": null, 
    "publish_date": "2014-03-12T10:36:57.589Z", 
    "file": "uploads/albums/the-green-army/ga_thrissur_04.jpg", 
    "image_collection": 4, 
    "slug": "-37", 
    "gen_description": false
  }
},
{
  "pk": 39, 
  "model": "album.imagecollectionimage", 
  "fields": {
    "status": 2, 
    "_order": 38, 
    "description": "Ga Thrissur 05", 
    "title": "", 
    "short_url": null, 
    "site": 1, 
    "in_sitemap": true, 
    "keywords_string": "", 
    "_meta_title": null, 
    "expiry_date": null, 
    "publish_date": "2014-03-12T10:36:58.018Z", 
    "file": "uploads/albums/the-green-army/ga_thrissur_05.jpg", 
    "image_collection": 4, 
    "slug": "-38", 
    "gen_description": false
  }
},
{
  "pk": 40, 
  "model": "album.imagecollectionimage", 
  "fields": {
    "status": 2, 
    "_order": 39, 
    "description": "Ga Thrissur 06", 
    "title": "", 
    "short_url": null, 
    "site": 1, 
    "in_sitemap": true, 
    "keywords_string": "", 
    "_meta_title": null, 
    "expiry_date": null, 
    "publish_date": "2014-03-12T10:36:58.487Z", 
    "file": "uploads/albums/the-green-army/ga_thrissur_06.jpg", 
    "image_collection": 4, 
    "slug": "-39", 
    "gen_description": false
  }
},
{
  "pk": 41, 
  "model": "album.imagecollectionimage", 
  "fields": {
    "status": 2, 
    "_order": 40, 
    "description": "Ga Thrissur 07", 
    "title": "", 
    "short_url": null, 
    "site": 1, 
    "in_sitemap": true, 
    "keywords_string": "", 
    "_meta_title": null, 
    "expiry_date": null, 
    "publish_date": "2014-03-12T10:36:58.941Z", 
    "file": "uploads/albums/the-green-army/ga_thrissur_07.jpg", 
    "image_collection": 4, 
    "slug": "-40", 
    "gen_description": false
  }
},
{
  "pk": 42, 
  "model": "album.imagecollectionimage", 
  "fields": {
    "status": 2, 
    "_order": 41, 
    "description": "Ga Thrissur 08", 
    "title": "", 
    "short_url": null, 
    "site": 1, 
    "in_sitemap": true, 
    "keywords_string": "", 
    "_meta_title": null, 
    "expiry_date": null, 
    "publish_date": "2014-03-12T10:36:59.398Z", 
    "file": "uploads/albums/the-green-army/ga_thrissur_08.jpg", 
    "image_collection": 4, 
    "slug": "-41", 
    "gen_description": false
  }
},
{
  "pk": 43, 
  "model": "album.imagecollectionimage", 
  "fields": {
    "status": 2, 
    "_order": 42, 
    "description": "Ga Thrissur 09", 
    "title": "", 
    "short_url": null, 
    "site": 1, 
    "in_sitemap": true, 
    "keywords_string": "", 
    "_meta_title": null, 
    "expiry_date": null, 
    "publish_date": "2014-03-12T10:36:59.897Z", 
    "file": "uploads/albums/the-green-army/ga_thrissur_09.jpg", 
    "image_collection": 4, 
    "slug": "-42", 
    "gen_description": false
  }
},
{
  "pk": 44, 
  "model": "album.imagecollectionimage", 
  "fields": {
    "status": 2, 
    "_order": 43, 
    "description": "Ga Thrissur 10", 
    "title": "", 
    "short_url": null, 
    "site": 1, 
    "in_sitemap": true, 
    "keywords_string": "", 
    "_meta_title": null, 
    "expiry_date": null, 
    "publish_date": "2014-03-12T10:37:00.371Z", 
    "file": "uploads/albums/the-green-army/ga_thrissur_10.jpg", 
    "image_collection": 4, 
    "slug": "-43", 
    "gen_description": false
  }
},
{
  "pk": 45, 
  "model": "album.imagecollectionimage", 
  "fields": {
    "status": 2, 
    "_order": 44, 
    "description": "Ga Thrissur 11", 
    "title": "", 
    "short_url": null, 
    "site": 1, 
    "in_sitemap": true, 
    "keywords_string": "", 
    "_meta_title": null, 
    "expiry_date": null, 
    "publish_date": "2014-03-12T10:37:00.878Z", 
    "file": "uploads/albums/the-green-army/ga_thrissur_11.jpg", 
    "image_collection": 4, 
    "slug": "-44", 
    "gen_description": false
  }
},
{
  "pk": 46, 
  "model": "album.imagecollectionimage", 
  "fields": {
    "status": 2, 
    "_order": 45, 
    "description": "GA Thrissur 12", 
    "title": "", 
    "short_url": null, 
    "site": 1, 
    "in_sitemap": true, 
    "keywords_string": "", 
    "_meta_title": null, 
    "expiry_date": null, 
    "publish_date": "2014-03-12T10:37:01.379Z", 
    "file": "uploads/albums/the-green-army/ga_thrissur_12.jpg", 
    "image_collection": 4, 
    "slug": "-45", 
    "gen_description": false
  }
},
{
  "pk": 47, 
  "model": "album.imagecollectionimage", 
  "fields": {
    "status": 2, 
    "_order": 46, 
    "description": "GA Thrissur 01", 
    "title": "", 
    "short_url": null, 
    "site": 1, 
    "in_sitemap": true, 
    "keywords_string": "", 
    "_meta_title": null, 
    "expiry_date": null, 
    "publish_date": "2014-03-12T11:01:48.189Z", 
    "file": "uploads/albums/the-green-army/ga_thrissur_01.jpg", 
    "image_collection": 4, 
    "slug": "-46", 
    "gen_description": false
  }
},
{
  "pk": 56, 
  "model": "album.imagecollectionimage", 
  "fields": {
    "status": 2, 
    "_order": 27, 
    "description": "Annapurna Suroshe Village Nageshwadi Ev Crop Dt Yavatmal 2007 Dsc01551", 
    "title": "", 
    "short_url": null, 
    "site": 1, 
    "in_sitemap": true, 
    "keywords_string": "", 
    "_meta_title": null, 
    "expiry_date": null, 
    "publish_date": "2014-03-21T08:29:29.285Z", 
    "file": "uploads/faces/annapurna_suroshe_village_nageshwadi_ev_crop_dt_yavatmal_2007_dsc01551.jpg", 
    "image_collection": 11, 
    "slug": "", 
    "gen_description": false
  }
},
{
  "pk": 57, 
  "model": "album.imagecollectionimage", 
  "fields": {
    "status": 2, 
    "_order": 28, 
    "description": "Kunhi Majhi 2nd Lv   Ev Dsc 0601  2 ", 
    "title": "", 
    "short_url": null, 
    "site": 1, 
    "in_sitemap": true, 
    "keywords_string": "", 
    "_meta_title": null, 
    "expiry_date": null, 
    "publish_date": "2014-03-21T08:29:44.471Z", 
    "file": "uploads/faces/kunhi_majhi_2nd_lv_+_ev_dsc_0601_(2).jpg", 
    "image_collection": 12, 
    "slug": "-1", 
    "gen_description": false
  }
},
{
  "pk": 58, 
  "model": "album.imagecollectionimage", 
  "fields": {
    "status": 2, 
    "_order": 29, 
    "description": "H Thikkasamy Cowherd Harekal Village Kurnool District Ap 2009 Ev Lv Dsc 1327", 
    "title": "", 
    "short_url": null, 
    "site": 1, 
    "in_sitemap": true, 
    "keywords_string": "", 
    "_meta_title": null, 
    "expiry_date": null, 
    "publish_date": "2014-03-21T08:31:21.030Z", 
    "file": "uploads/faces/h_thikkasamy_cowherd_harekal_village_kurnool_district_ap_2009_ev_lv_dsc_1327.jpg", 
    "image_collection": 13, 
    "slug": "-2", 
    "gen_description": false
  }
},
{
  "pk": 59, 
  "model": "album.imagecollectionimage", 
  "fields": {
    "status": 2, 
    "_order": 30, 
    "description": "Nikhik Suroshe V3  Crop Ev Dt Yavatmal Dsc01562", 
    "title": "", 
    "short_url": null, 
    "site": 1, 
    "in_sitemap": true, 
    "keywords_string": "", 
    "_meta_title": null, 
    "expiry_date": null, 
    "publish_date": "2014-03-21T08:32:29.627Z", 
    "file": "uploads/faces/nikhik_suroshe_v3__crop_ev_dt_yavatmal_dsc01562.jpg", 
    "image_collection": 11, 
    "slug": "-3", 
    "gen_description": false
  }
},
{
  "pk": 60, 
  "model": "album.imagecollectionimage", 
  "fields": {
    "status": 2, 
    "_order": 31, 
    "description": "Wasudev Trad Religious Singer 3rd  Lv Ev Dscn0324", 
    "title": "", 
    "short_url": null, 
    "site": 1, 
    "in_sitemap": true, 
    "keywords_string": "", 
    "_meta_title": null, 
    "expiry_date": null, 
    "publish_date": "2014-03-21T08:32:32.247Z", 
    "file": "uploads/faces/wasudev_trad_religious_singer_3rd__lv_ev_dscn0324.jpg", 
    "image_collection": 14, 
    "slug": "-4", 
    "gen_description": false
  }
},
{
  "pk": 61, 
  "model": "album.imagecollectionimage", 
  "fields": {
    "status": 2, 
    "_order": 32, 
    "description": "Ohame2 Madhusree Mukherjee", 
    "title": "", 
    "short_url": null, 
    "site": 1, 
    "in_sitemap": true, 
    "keywords_string": "", 
    "_meta_title": null, 
    "expiry_date": null, 
    "publish_date": "2014-03-21T08:33:28.118Z", 
    "file": "uploads/faces/ohame2_madhusree_mukherjee.jpg", 
    "image_collection": 15, 
    "slug": "-5", 
    "gen_description": false
  }
},
{
  "pk": 62, 
  "model": "album.imagecollectionimage", 
  "fields": {
    "status": 2, 
    "_order": 33, 
    "description": "Roshani Shete Crop  2  Lv Ev Dsc 0417", 
    "title": "", 
    "short_url": null, 
    "site": 1, 
    "in_sitemap": true, 
    "keywords_string": "", 
    "_meta_title": null, 
    "expiry_date": null, 
    "publish_date": "2014-03-21T08:34:17.652Z", 
    "file": "uploads/faces/roshani_shete_crop__2__lv_ev_dsc_0417.jpg", 
    "image_collection": 16, 
    "slug": "-6", 
    "gen_description": false
  }
},
{
  "pk": 63, 
  "model": "album.imagecollectionimage", 
  "fields": {
    "status": 2, 
    "_order": 34, 
    "description": "Rathor Singh Ingle Vill Divthana Dt Buldhana 2010 Dsc 0329", 
    "title": "", 
    "short_url": null, 
    "site": 1, 
    "in_sitemap": true, 
    "keywords_string": "", 
    "_meta_title": null, 
    "expiry_date": null, 
    "publish_date": "2014-03-21T08:34:40.828Z", 
    "file": "uploads/faces/rathor_singh_ingle_vill_divthana_dt_buldhana_2010_dsc_0329.jpg", 
    "image_collection": 17, 
    "slug": "-7", 
    "gen_description": false
  }
},
{
  "pk": 64, 
  "model": "album.imagecollectionimage", 
  "fields": {
    "status": 2, 
    "_order": 35, 
    "description": "Kalpana Ingle Vill Divthana Dt Buldhana 2010 Crop Lv Ev Dsc 0330", 
    "title": "", 
    "short_url": null, 
    "site": 1, 
    "in_sitemap": true, 
    "keywords_string": "", 
    "_meta_title": null, 
    "expiry_date": null, 
    "publish_date": "2014-03-21T08:36:44.530Z", 
    "file": "uploads/faces/kalpana_ingle_vill_divthana_dt_buldhana_2010_crop_lv_ev_dsc_0330.jpg", 
    "image_collection": 18, 
    "slug": "-8", 
    "gen_description": false
  }
},
{
  "pk": 65, 
  "model": "album.imagecollectionimage", 
  "fields": {
    "status": 2, 
    "_order": 36, 
    "description": "Jaideep Dairy Gaikwad Ev", 
    "title": "", 
    "short_url": null, 
    "site": 1, 
    "in_sitemap": true, 
    "keywords_string": "", 
    "_meta_title": null, 
    "expiry_date": null, 
    "publish_date": "2014-03-21T08:37:05.579Z", 
    "file": "uploads/faces/jaideep_dairy_gaikwad_ev.jpg", 
    "image_collection": 19, 
    "slug": "-9", 
    "gen_description": false
  }
},
{
  "pk": 66, 
  "model": "album.imagecollectionimage", 
  "fields": {
    "status": 2, 
    "_order": 37, 
    "description": "Nallappa Redy Jailed For Debt 2 Crop Ev", 
    "title": "", 
    "short_url": null, 
    "site": 1, 
    "in_sitemap": true, 
    "keywords_string": "", 
    "_meta_title": null, 
    "expiry_date": null, 
    "publish_date": "2014-03-21T08:37:57.957Z", 
    "file": "uploads/faces/nallappa_redy_jailed_for_debt_2_crop_ev.jpg", 
    "image_collection": 20, 
    "slug": "-10", 
    "gen_description": false
  }
},
{
  "pk": 67, 
  "model": "album.imagecollectionimage", 
  "fields": {
    "status": 2, 
    "_order": 38, 
    "description": "Sonamoni Crop  2 ", 
    "title": "", 
    "short_url": null, 
    "site": 1, 
    "in_sitemap": true, 
    "keywords_string": "", 
    "_meta_title": null, 
    "expiry_date": null, 
    "publish_date": "2014-03-21T08:38:16.007Z", 
    "file": "uploads/faces/sonamoni_crop_(2).jpg", 
    "image_collection": 21, 
    "slug": "-11", 
    "gen_description": false
  }
},
{
  "pk": 68, 
  "model": "album.imagecollectionimage", 
  "fields": {
    "status": 2, 
    "_order": 39, 
    "description": "Bandi Lachmamma Crop Lv  Ev", 
    "title": "", 
    "short_url": null, 
    "site": 1, 
    "in_sitemap": true, 
    "keywords_string": "", 
    "_meta_title": null, 
    "expiry_date": null, 
    "publish_date": "2014-03-21T08:40:00.418Z", 
    "file": "uploads/faces/bandi_lachmamma_crop_lv__ev.jpg", 
    "image_collection": 20, 
    "slug": "-12", 
    "gen_description": false
  }
},
{
  "pk": 69, 
  "model": "album.imagecollectionimage", 
  "fields": {
    "status": 2, 
    "_order": 40, 
    "description": "Gujjari Mohanty Govindpur Jagatsinghpur Dt Odisha Lv 2011dsc 0605", 
    "title": "", 
    "short_url": null, 
    "site": 1, 
    "in_sitemap": true, 
    "keywords_string": "", 
    "_meta_title": null, 
    "expiry_date": null, 
    "publish_date": "2014-03-21T08:40:51.212Z", 
    "file": "uploads/faces/gujjari_mohanty_govindpur_jagatsinghpur_dt_odisha_lv_2011dsc_0605.jpg", 
    "image_collection": 22, 
    "slug": "-13", 
    "gen_description": false
  }
},
{
  "pk": 70, 
  "model": "album.imagecollectionimage", 
  "fields": {
    "status": 2, 
    "_order": 41, 
    "description": "H  Chikktayamma Village Bidarahosahalli District Mandya  Karnataka 2007 Lv Dsc02014", 
    "title": "", 
    "short_url": null, 
    "site": 1, 
    "in_sitemap": true, 
    "keywords_string": "", 
    "_meta_title": null, 
    "expiry_date": null, 
    "publish_date": "2014-03-21T08:41:35.597Z", 
    "file": "uploads/faces/h._chikktayamma_village_bidarahosahalli_district_mandya,_karnataka_2007_lv_dsc02014.jpg", 
    "image_collection": 23, 
    "slug": "-14", 
    "gen_description": false
  }
},
{
  "pk": 71, 
  "model": "album.imagecollectionimage", 
  "fields": {
    "status": 2, 
    "_order": 42, 
    "description": "H M  Jayalakshmamma District Mandya Ev Lv Dsc01993", 
    "title": "", 
    "short_url": null, 
    "site": 1, 
    "in_sitemap": true, 
    "keywords_string": "", 
    "_meta_title": null, 
    "expiry_date": null, 
    "publish_date": "2014-03-21T08:41:39.780Z", 
    "file": "uploads/faces/h.m._jayalakshmamma_district_mandya_ev_lv_dsc01993.jpg", 
    "image_collection": 24, 
    "slug": "-15", 
    "gen_description": false
  }
},
{
  "pk": 72, 
  "model": "album.imagecollectionimage", 
  "fields": {
    "status": 2, 
    "_order": 43, 
    "description": "Gadasu Ramulu Pari Lv  Dsc 0139 Ev", 
    "title": "", 
    "short_url": null, 
    "site": 1, 
    "in_sitemap": true, 
    "keywords_string": "", 
    "_meta_title": null, 
    "expiry_date": null, 
    "publish_date": "2014-03-21T08:42:26.712Z", 
    "file": "uploads/faces/gadasu_ramulu_pari_lv__dsc_0139_ev.jpg", 
    "image_collection": 25, 
    "slug": "-16", 
    "gen_description": false
  }
},
{
  "pk": 73, 
  "model": "album.imagecollectionimage", 
  "fields": {
    "status": 2, 
    "_order": 44, 
    "description": "Jaitru Giri Ev2   Lv Dt Sundergarh Odisha Lv", 
    "title": "", 
    "short_url": null, 
    "site": 1, 
    "in_sitemap": true, 
    "keywords_string": "", 
    "_meta_title": null, 
    "expiry_date": null, 
    "publish_date": "2014-03-21T08:43:07.937Z", 
    "file": "uploads/faces/jaitru_giri_ev2_+_lv_dt_sundergarh_odisha_lv.jpg", 
    "image_collection": 26, 
    "slug": "-17", 
    "gen_description": false
  }
},
{
  "pk": 74, 
  "model": "album.imagecollectionimage", 
  "fields": {
    "status": 2, 
    "_order": 45, 
    "description": "Kalyani Netam Lv Dsc 0038", 
    "title": "", 
    "short_url": null, 
    "site": 1, 
    "in_sitemap": true, 
    "keywords_string": "", 
    "_meta_title": null, 
    "expiry_date": null, 
    "publish_date": "2014-03-21T08:43:13.330Z", 
    "file": "uploads/faces/kalyani_netam_lv_dsc_0038.jpg", 
    "image_collection": 27, 
    "slug": "-18", 
    "gen_description": false
  }
},
{
  "pk": 75, 
  "model": "album.imagecollectionimage", 
  "fields": {
    "status": 2, 
    "_order": 46, 
    "description": "Pushpa Markam Ev Lv", 
    "title": "", 
    "short_url": null, 
    "site": 1, 
    "in_sitemap": true, 
    "keywords_string": "", 
    "_meta_title": null, 
    "expiry_date": null, 
    "publish_date": "2014-03-21T08:43:13.499Z", 
    "file": "uploads/faces/pushpa_markam_ev_lv.jpg", 
    "image_collection": 27, 
    "slug": "-19", 
    "gen_description": false
  }
},
{
  "pk": 76, 
  "model": "album.imagecollectionimage", 
  "fields": {
    "status": 2, 
    "_order": 47, 
    "description": "Raju Vibhushanan Feb 17 2014 Societykudi In Edamalakudi Panchayat Idukki District Kerala Ev2   Lv  P1020180", 
    "title": "", 
    "short_url": null, 
    "site": 1, 
    "in_sitemap": true, 
    "keywords_string": "", 
    "_meta_title": null, 
    "expiry_date": null, 
    "publish_date": "2014-03-21T08:43:53.808Z", 
    "file": "uploads/faces/raju_vibhushanan_feb_17_2014_societykudi_in_edamalakudi_panchayat_idukki_district_kerala_ev2_+_lv__p1020180.jpg", 
    "image_collection": 28, 
    "slug": "-47", 
    "gen_description": false
  }
},
{
  "pk": 77, 
  "model": "album.imagecollectionimage", 
  "fields": {
    "status": 2, 
    "_order": 48, 
    "description": "Mamoni Tudu Ev Lv", 
    "title": "", 
    "short_url": null, 
    "site": 1, 
    "in_sitemap": true, 
    "keywords_string": "", 
    "_meta_title": null, 
    "expiry_date": null, 
    "publish_date": "2014-03-21T08:44:34.586Z", 
    "file": "uploads/faces/mamoni_tudu_ev_lv.jpg", 
    "image_collection": 21, 
    "slug": "-48", 
    "gen_description": false
  }
},
{
  "pk": 78, 
  "model": "album.imagecollectionimage", 
  "fields": {
    "status": 2, 
    "_order": 49, 
    "description": "Kalpana Ingle Vill Divthana Dt Buldhana 2010 Crop Lv Ev Dsc 0330", 
    "title": "", 
    "short_url": null, 
    "site": 1, 
    "in_sitemap": true, 
    "keywords_string": "", 
    "_meta_title": null, 
    "expiry_date": null, 
    "publish_date": "2014-03-21T08:44:57.285Z", 
    "file": "uploads/faces/kalpana_ingle_vill_divthana_dt_buldhana_2010_crop_lv_ev_dsc_0330.jpg", 
    "image_collection": 17, 
    "slug": "-49", 
    "gen_description": false
  }
},
{
  "pk": 79, 
  "model": "album.imagecollectionimage", 
  "fields": {
    "status": 2, 
    "_order": 50, 
    "description": "Kamlabai Gudhe Crop Lv  Ev Lonsawla Dt Wardha Dsc 0391", 
    "title": "", 
    "short_url": null, 
    "site": 1, 
    "in_sitemap": true, 
    "keywords_string": "", 
    "_meta_title": null, 
    "expiry_date": null, 
    "publish_date": "2014-03-21T08:45:33.378Z", 
    "file": "uploads/faces/kamlabai_gudhe_crop_lv__ev_lonsawla_dt_wardha_dsc_0391.jpg", 
    "image_collection": 29, 
    "slug": "-50", 
    "gen_description": false
  }
},
{
  "pk": 80, 
  "model": "album.imagecollectionimage", 
  "fields": {
    "status": 2, 
    "_order": 51, 
    "description": "Rukmini Gunwant Vill Dhotri Dt Washim 2010 Crop Lv Ev Dsc03804", 
    "title": "", 
    "short_url": null, 
    "site": 1, 
    "in_sitemap": true, 
    "keywords_string": "", 
    "_meta_title": null, 
    "expiry_date": null, 
    "publish_date": "2014-03-21T08:46:24.390Z", 
    "file": "uploads/faces/rukmini_gunwant_vill_dhotri_dt_washim_2010_crop_lv_ev_dsc03804.jpg", 
    "image_collection": 30, 
    "slug": "-51", 
    "gen_description": false
  }
},
{
  "pk": 81, 
  "model": "album.imagecollectionimage", 
  "fields": {
    "status": 2, 
    "_order": 52, 
    "description": "P V  Chinnathambi Irpakalukudi  Edmalakudi Panchayat Idukki District Kerala Ev   Lv  P1020248", 
    "title": "", 
    "short_url": null, 
    "site": 1, 
    "in_sitemap": true, 
    "keywords_string": "", 
    "_meta_title": null, 
    "expiry_date": null, 
    "publish_date": "2014-03-21T08:47:51.864Z", 
    "file": "uploads/faces/p.v._chinnathambi_irpakalukudi,_edmalakudi_panchayat_idukki_district_kerala_ev_+_lv__p1020248.jpg", 
    "image_collection": 28, 
    "slug": "-52", 
    "gen_description": false
  }
},
{
  "pk": 82, 
  "model": "album.imagecollectionimage", 
  "fields": {
    "status": 2, 
    "_order": 53, 
    "description": "Faces", 
    "title": "", 
    "short_url": null, 
    "site": 1, 
    "in_sitemap": true, 
    "keywords_string": "", 
    "_meta_title": null, 
    "expiry_date": null, 
    "publish_date": "2014-03-21T08:48:48.339Z", 
    "file": "uploads/faces/faces.jpg", 
    "image_collection": 16, 
    "slug": "-53", 
    "gen_description": false
  }
},
{
  "pk": 1, 
  "model": "album.album", 
  "fields": {
    "status": 2, 
    "articles": [], 
    "description": "Recycling energy takes cycles and lots of energy", 
    "title": "The koilawallahs of Godda", 
    "short_url": null, 
    "site": 1, 
    "in_sitemap": true, 
    "keywords_string": "", 
    "_meta_title": null, 
    "predominant_tone": "colour", 
    "expiry_date": null, 
    "publish_date": "2013-07-04T06:14:06Z", 
    "location": 1, 
    "meta_data": "", 
    "photographer": 1, 
    "image_collection": 3, 
    "slug": "the-koilawallahs-of-godda", 
    "gen_description": false, 
    "zip_import": ""
  }
},
{
  "pk": 2, 
  "model": "album.album", 
  "fields": {
    "status": 2, 
    "articles": [], 
    "description": "The Green Army", 
    "title": "The Green Army", 
    "short_url": null, 
    "site": 1, 
    "in_sitemap": true, 
    "keywords_string": "", 
    "_meta_title": null, 
    "predominant_tone": "colour", 
    "expiry_date": null, 
    "publish_date": "2013-08-19T01:33:53Z", 
    "location": 5, 
    "meta_data": "", 
    "photographer": 4, 
    "image_collection": 4, 
    "slug": "the-green-army", 
    "gen_description": false, 
    "zip_import": ""
  }
},
{
  "pk": 1, 
  "model": "album.albumimage", 
  "fields": {
    "status": 2, 
    "album": 1, 
    "_order": 8, 
    "description": "The koilawallahs move in lines of 8 to 20", 
    "audio_file": "", 
    "title": "", 
    "short_url": null, 
    "site": 1, 
    "in_sitemap": true, 
    "keywords_string": "", 
    "_meta_title": null, 
    "expiry_date": null, 
    "publish_date": "1993-09-01T12:54:05Z", 
    "image_collection_image": 21, 
    "photographer": 1, 
    "is_cover": false, 
    "image_file": "uploads/albums/the-koilawallahs-of-godda/godda_koilawallah_8008.jpg", 
    "audio": "101537999", 
    "slug": "", 
    "gen_description": true, 
    "location": 1
  }
},
{
  "pk": 2, 
  "model": "album.albumimage", 
  "fields": {
    "status": 2, 
    "album": 1, 
    "_order": 9, 
    "description": "Team effort is also important in coping with uphill stretches or while crossing a pond or stream", 
    "audio_file": "", 
    "title": "", 
    "short_url": null, 
    "site": 1, 
    "in_sitemap": true, 
    "keywords_string": "", 
    "_meta_title": null, 
    "expiry_date": null, 
    "publish_date": "1993-09-01T12:54:05Z", 
    "image_collection_image": 22, 
    "photographer": 1, 
    "is_cover": false, 
    "image_file": "uploads/albums/the-koilawallahs-of-godda/godda_koilawallah_9009.jpg", 
    "audio": "101537988", 
    "slug": "-1", 
    "gen_description": true, 
    "location": 1
  }
},
{
  "pk": 3, 
  "model": "album.albumimage", 
  "fields": {
    "status": 2, 
    "album": 1, 
    "_order": 10, 
    "description": "Men from different castes sitting down together for their meal  -  unusual in itself, even if they do not share from each other\u2019s lunch box", 
    "audio_file": "", 
    "title": "", 
    "short_url": null, 
    "site": 1, 
    "in_sitemap": true, 
    "keywords_string": "", 
    "_meta_title": null, 
    "expiry_date": null, 
    "publish_date": "1993-09-01T12:54:05Z", 
    "image_collection_image": 23, 
    "photographer": 1, 
    "is_cover": false, 
    "image_file": "uploads/albums/the-koilawallahs-of-godda/godda_koilawallah_10010_cv.jpg", 
    "audio": "101537972", 
    "slug": "-2", 
    "gen_description": true, 
    "location": 1
  }
},
{
  "pk": 4, 
  "model": "album.albumimage", 
  "fields": {
    "status": 2, 
    "album": 1, 
    "_order": 11, 
    "description": "When \u2018parking\u2019 a fully-laden bicycle, you use a metal rod, or a very strong wooden stick, propping up the load on one side", 
    "audio_file": "", 
    "title": "", 
    "short_url": null, 
    "site": 1, 
    "in_sitemap": true, 
    "keywords_string": "", 
    "_meta_title": null, 
    "expiry_date": null, 
    "publish_date": "1993-09-01T12:54:05Z", 
    "image_collection_image": 24, 
    "photographer": 1, 
    "is_cover": false, 
    "image_file": "uploads/albums/the-koilawallahs-of-godda/godda_koilawallah_12012.jpg", 
    "audio": "101537955", 
    "slug": "-3", 
    "gen_description": true, 
    "location": 1
  }
},
{
  "pk": 5, 
  "model": "album.albumimage", 
  "fields": {
    "status": 2, 
    "album": 1, 
    "_order": 12, 
    "description": "This overladen bike collapsed and has probably done its last journey for a while", 
    "audio_file": "", 
    "title": "", 
    "short_url": null, 
    "site": 1, 
    "in_sitemap": true, 
    "keywords_string": "", 
    "_meta_title": null, 
    "expiry_date": null, 
    "publish_date": "1993-09-01T12:54:05Z", 
    "image_collection_image": 25, 
    "photographer": 1, 
    "is_cover": false, 
    "image_file": "uploads/albums/the-koilawallahs-of-godda/godda_koilawallah_13013.jpg", 
    "audio": "101537944", 
    "slug": "-4", 
    "gen_description": true, 
    "location": 1
  }
},
{
  "pk": 6, 
  "model": "album.albumimage", 
  "fields": {
    "status": 2, 
    "album": 1, 
    "_order": 1, 
    "description": "Kishen Yadav pushing his heavy load of coal on a bicycle with reinforced bars and without a chain (since he\u2019s removed that to reduce friction)", 
    "audio_file": "", 
    "title": "", 
    "short_url": null, 
    "site": 1, 
    "in_sitemap": true, 
    "keywords_string": "", 
    "_meta_title": null, 
    "expiry_date": null, 
    "publish_date": "1993-09-01T12:54:05Z", 
    "image_collection_image": 26, 
    "photographer": 1, 
    "is_cover": false, 
    "image_file": "uploads/albums/the-koilawallahs-of-godda/godda_koilawallah_2002.jpg", 
    "audio": "101538075", 
    "slug": "-5", 
    "gen_description": true, 
    "location": 1
  }
},
{
  "pk": 7, 
  "model": "album.albumimage", 
  "fields": {
    "status": 2, 
    "album": 1, 
    "_order": 2, 
    "description": "The loads range between 150 to 250 kilograms", 
    "audio_file": "", 
    "title": "", 
    "short_url": null, 
    "site": 1, 
    "in_sitemap": true, 
    "keywords_string": "", 
    "_meta_title": null, 
    "expiry_date": null, 
    "publish_date": "1993-09-01T12:54:05Z", 
    "image_collection_image": 27, 
    "photographer": 1, 
    "is_cover": false, 
    "image_file": "uploads/albums/the-koilawallahs-of-godda/godda_koilawallah_3003.jpg", 
    "audio": "101538067", 
    "slug": "-6", 
    "gen_description": true, 
    "location": 1
  }
},
{
  "pk": 8, 
  "model": "album.albumimage", 
  "fields": {
    "status": 2, 
    "album": 1, 
    "_order": 3, 
    "description": "Arun Sah used to push much heavier loads", 
    "audio_file": "", 
    "title": "", 
    "short_url": null, 
    "site": 1, 
    "in_sitemap": true, 
    "keywords_string": "", 
    "_meta_title": null, 
    "expiry_date": null, 
    "publish_date": "1993-09-01T12:54:05Z", 
    "image_collection_image": 28, 
    "photographer": 1, 
    "is_cover": false, 
    "image_file": "uploads/albums/the-koilawallahs-of-godda/godda_koilawallah_4005.jpg", 
    "audio": "101538042", 
    "slug": "-7", 
    "gen_description": true, 
    "location": 1
  }
},
{
  "pk": 9, 
  "model": "album.albumimage", 
  "fields": {
    "status": 2, 
    "album": 1, 
    "_order": 4, 
    "description": "Imagine trying to push this one 40-60 kilometres or more!", 
    "audio_file": "", 
    "title": "", 
    "short_url": null, 
    "site": 1, 
    "in_sitemap": true, 
    "keywords_string": "", 
    "_meta_title": null, 
    "expiry_date": null, 
    "publish_date": "1993-09-01T12:54:05Z", 
    "image_collection_image": 29, 
    "photographer": 1, 
    "is_cover": false, 
    "image_file": "uploads/albums/the-koilawallahs-of-godda/godda_koilawallah_5005.jpg", 
    "audio": "101538029", 
    "slug": "-8", 
    "gen_description": true, 
    "location": 1
  }
},
{
  "pk": 10, 
  "model": "album.albumimage", 
  "fields": {
    "status": 2, 
    "album": 1, 
    "_order": 5, 
    "description": "Manto Manjhi takes a break", 
    "audio_file": "", 
    "title": "", 
    "short_url": null, 
    "site": 1, 
    "in_sitemap": true, 
    "keywords_string": "", 
    "_meta_title": null, 
    "expiry_date": null, 
    "publish_date": "1993-09-01T12:54:05Z", 
    "image_collection_image": 30, 
    "photographer": 1, 
    "is_cover": false, 
    "image_file": "uploads/albums/the-koilawallahs-of-godda/godda_koilawallah_6006.jpg", 
    "audio": "101538090", 
    "slug": "-9", 
    "gen_description": true, 
    "location": 1
  }
},
{
  "pk": 11, 
  "model": "album.albumimage", 
  "fields": {
    "status": 2, 
    "album": 1, 
    "_order": 6, 
    "description": "Puran is around 14 years old, but the strenuous labour he does makes him look older and tougher  ", 
    "audio_file": "", 
    "title": "", 
    "short_url": null, 
    "site": 1, 
    "in_sitemap": true, 
    "keywords_string": "", 
    "_meta_title": null, 
    "expiry_date": null, 
    "publish_date": "1993-09-01T12:54:05Z", 
    "image_collection_image": 31, 
    "photographer": 1, 
    "is_cover": false, 
    "image_file": "uploads/albums/the-koilawallahs-of-godda/godda_koilawallah_7007.jpg", 
    "audio": "101538018", 
    "slug": "-10", 
    "gen_description": true, 
    "location": 1
  }
},
{
  "pk": 12, 
  "model": "album.albumimage", 
  "fields": {
    "status": 2, 
    "album": 1, 
    "_order": 7, 
    "description": "Puran\u2019s load is lighter, relatively speaking, but that doesn\u2019t mean you and I can do it", 
    "audio_file": "", 
    "title": "", 
    "short_url": null, 
    "site": 1, 
    "in_sitemap": true, 
    "keywords_string": "", 
    "_meta_title": null, 
    "expiry_date": null, 
    "publish_date": "1993-09-01T12:54:05Z", 
    "image_collection_image": 32, 
    "photographer": 1, 
    "is_cover": false, 
    "image_file": "uploads/albums/the-koilawallahs-of-godda/Godda Koilawallah 8008.jpg", 
    "audio": "101538008", 
    "slug": "-11", 
    "gen_description": true, 
    "location": 1
  }
},
{
  "pk": 13, 
  "model": "album.albumimage", 
  "fields": {
    "status": 2, 
    "album": 1, 
    "_order": 13, 
    "description": "With a cargo so huge, even a mild upward incline has the koilawallah struggling", 
    "audio_file": "", 
    "title": "", 
    "short_url": null, 
    "site": 1, 
    "in_sitemap": true, 
    "keywords_string": "", 
    "_meta_title": null, 
    "expiry_date": null, 
    "publish_date": "1993-09-01T12:54:05Z", 
    "image_collection_image": 33, 
    "photographer": 1, 
    "is_cover": false, 
    "image_file": "uploads/albums/the-koilawallahs-of-godda/godda_koilawallah_14014.jpg", 
    "audio": "101537934", 
    "slug": "-12", 
    "gen_description": true, 
    "location": 1
  }
},
{
  "pk": 14, 
  "model": "album.albumimage", 
  "fields": {
    "status": 2, 
    "album": 1, 
    "_order": 0, 
    "description": "The koilawallahs, or coal carriers of Godda district try earning a living by picking up coal from the waste dumps near the Rajmahal mining project at Lalmatiya and pushing huge loads of it  --  ranging from 100 to 250 kilograms  --  to Godda town 40 kilometres away", 
    "audio_file": "", 
    "title": "", 
    "short_url": null, 
    "site": 1, 
    "in_sitemap": true, 
    "keywords_string": "", 
    "_meta_title": null, 
    "expiry_date": null, 
    "publish_date": "1993-09-01T12:54:05Z", 
    "image_collection_image": 34, 
    "photographer": 1, 
    "is_cover": true, 
    "image_file": "uploads/albums/the-koilawallahs-of-godda/godda_koilawallah_1001.jpg", 
    "audio": "101537901", 
    "slug": "-13", 
    "gen_description": true, 
    "location": 1
  }
},
{
  "pk": 15, 
  "model": "album.albumimage", 
  "fields": {
    "status": 2, 
    "album": 2, 
    "_order": 0, 
    "description": "Varavattoor Village, Desamangalam Panchayat, Wadakkanchery", 
    "audio_file": "", 
    "title": "", 
    "short_url": null, 
    "site": 1, 
    "in_sitemap": true, 
    "keywords_string": "", 
    "_meta_title": null, 
    "expiry_date": null, 
    "publish_date": "2014-03-12T10:36:56Z", 
    "image_collection_image": 35, 
    "photographer": 4, 
    "is_cover": true, 
    "image_file": "uploads/albums/the-green-army/GA_Thrissur_01.jpg", 
    "audio": "109687682", 
    "slug": "-14", 
    "gen_description": true, 
    "location": 5
  }
},
{
  "pk": 16, 
  "model": "album.albumimage", 
  "fields": {
    "status": 2, 
    "album": 2, 
    "_order": 1, 
    "description": "AT Moideen is one of ten farmers sharing fifteen acres in this part of the village", 
    "audio_file": "", 
    "title": "", 
    "short_url": null, 
    "site": 1, 
    "in_sitemap": true, 
    "keywords_string": "", 
    "_meta_title": null, 
    "expiry_date": null, 
    "publish_date": "2014-03-12T10:36:56Z", 
    "image_collection_image": 36, 
    "photographer": 4, 
    "is_cover": false, 
    "image_file": "uploads/albums/the-green-army/ga_thrissur_02.jpg", 
    "audio": "109687697", 
    "slug": "-15", 
    "gen_description": true, 
    "location": 5
  }
},
{
  "pk": 17, 
  "model": "album.albumimage", 
  "fields": {
    "status": 2, 
    "album": 2, 
    "_order": 2, 
    "description": "Lata has been with the Green Army for five years and was involved with Kudumbashree over eight years.", 
    "audio_file": "", 
    "title": "", 
    "short_url": null, 
    "site": 1, 
    "in_sitemap": true, 
    "keywords_string": "", 
    "_meta_title": null, 
    "expiry_date": null, 
    "publish_date": "2014-03-12T10:36:57Z", 
    "image_collection_image": 37, 
    "photographer": 4, 
    "is_cover": false, 
    "image_file": "uploads/albums/the-green-army/ga_thrissur_03.jpg", 
    "audio": "109687709", 
    "slug": "-16", 
    "gen_description": true, 
    "location": 5
  }
},
{
  "pk": 18, 
  "model": "album.albumimage", 
  "fields": {
    "status": 2, 
    "album": 2, 
    "_order": 3, 
    "description": "Padmavadi has been with the green army for four years and first heard about it through the Panchayat", 
    "audio_file": "", 
    "title": "", 
    "short_url": null, 
    "site": 1, 
    "in_sitemap": true, 
    "keywords_string": "", 
    "_meta_title": null, 
    "expiry_date": null, 
    "publish_date": "2014-03-12T10:36:57Z", 
    "image_collection_image": 38, 
    "photographer": 4, 
    "is_cover": false, 
    "image_file": "uploads/albums/the-green-army/ga_thrissur_04.jpg", 
    "audio": "109687713", 
    "slug": "-17", 
    "gen_description": true, 
    "location": 5
  }
},
{
  "pk": 19, 
  "model": "album.albumimage", 
  "fields": {
    "status": 2, 
    "album": 2, 
    "_order": 4, 
    "description": "Lata\u2019s teammate takes a moment to survey the wet field before starting work on it with the transplanter.", 
    "audio_file": "", 
    "title": "", 
    "short_url": null, 
    "site": 1, 
    "in_sitemap": true, 
    "keywords_string": "", 
    "_meta_title": null, 
    "expiry_date": null, 
    "publish_date": "2014-03-12T10:36:58Z", 
    "image_collection_image": 39, 
    "photographer": 4, 
    "is_cover": false, 
    "image_file": "uploads/albums/the-green-army/ga_thrissur_05.jpg", 
    "audio": "109687717", 
    "slug": "-18", 
    "gen_description": true, 
    "location": 5
  }
},
{
  "pk": 20, 
  "model": "album.albumimage", 
  "fields": {
    "status": 2, 
    "album": 2, 
    "_order": 5, 
    "description": "Seedbeds for transplanting", 
    "audio_file": "", 
    "title": "", 
    "short_url": null, 
    "site": 1, 
    "in_sitemap": true, 
    "keywords_string": "", 
    "_meta_title": null, 
    "expiry_date": null, 
    "publish_date": "2014-03-12T10:36:58Z", 
    "image_collection_image": 40, 
    "photographer": 4, 
    "is_cover": false, 
    "image_file": "uploads/albums/the-green-army/ga_thrissur_06.jpg", 
    "audio": "109687730", 
    "slug": "-19", 
    "gen_description": true, 
    "location": 5
  }
},
{
  "pk": 21, 
  "model": "album.albumimage", 
  "fields": {
    "status": 2, 
    "album": 2, 
    "_order": 6, 
    "description": "It is on this sheet that the seeds are sown by the farmer.", 
    "audio_file": "", 
    "title": "", 
    "short_url": null, 
    "site": 1, 
    "in_sitemap": true, 
    "keywords_string": "", 
    "_meta_title": null, 
    "expiry_date": null, 
    "publish_date": "2014-03-12T10:36:59Z", 
    "image_collection_image": 41, 
    "photographer": 4, 
    "is_cover": false, 
    "image_file": "uploads/albums/the-green-army/ga_thrissur_07.jpg", 
    "audio": "109687739", 
    "slug": "-20", 
    "gen_description": true, 
    "location": 5
  }
},
{
  "pk": 22, 
  "model": "album.albumimage", 
  "fields": {
    "status": 2, 
    "album": 2, 
    "_order": 7, 
    "description": "Padmavadi floats sliced portions of the seedbed to the transplanter.", 
    "audio_file": "", 
    "title": "", 
    "short_url": null, 
    "site": 1, 
    "in_sitemap": true, 
    "keywords_string": "", 
    "_meta_title": null, 
    "expiry_date": null, 
    "publish_date": "2014-03-12T10:36:59Z", 
    "image_collection_image": 42, 
    "photographer": 4, 
    "is_cover": false, 
    "image_file": "uploads/albums/the-green-army/ga_thrissur_08.jpg", 
    "audio": "109687744", 
    "slug": "-21", 
    "gen_description": true, 
    "location": 5
  }
},
{
  "pk": 23, 
  "model": "album.albumimage", 
  "fields": {
    "status": 2, 
    "album": 2, 
    "_order": 8, 
    "description": "Lata feeds paddy mats into the arm while her partner steers the transplanter.", 
    "audio_file": "", 
    "title": "", 
    "short_url": null, 
    "site": 1, 
    "in_sitemap": true, 
    "keywords_string": "", 
    "_meta_title": null, 
    "expiry_date": null, 
    "publish_date": "2014-03-12T10:37:00Z", 
    "image_collection_image": 43, 
    "photographer": 4, 
    "is_cover": false, 
    "image_file": "uploads/albums/the-green-army/ga_thrissur_09.jpg", 
    "audio": "109687749", 
    "slug": "-22", 
    "gen_description": true, 
    "location": 5
  }
},
{
  "pk": 24, 
  "model": "album.albumimage", 
  "fields": {
    "status": 2, 
    "album": 2, 
    "_order": 9, 
    "description": "A small piece of paddy mat thrown to the bank.", 
    "audio_file": "", 
    "title": "", 
    "short_url": null, 
    "site": 1, 
    "in_sitemap": true, 
    "keywords_string": "", 
    "_meta_title": null, 
    "expiry_date": null, 
    "publish_date": "2014-03-12T10:37:00Z", 
    "image_collection_image": 44, 
    "photographer": 4, 
    "is_cover": false, 
    "image_file": "uploads/albums/the-green-army/ga_thrissur_10.jpg", 
    "audio": "109687757", 
    "slug": "-23", 
    "gen_description": true, 
    "location": 5
  }
},
{
  "pk": 25, 
  "model": "album.albumimage", 
  "fields": {
    "status": 2, 
    "album": 2, 
    "_order": 10, 
    "description": "Padmavadi, with three others combs through the fields to transplant rice in pockets missed by the transplanter arm", 
    "audio_file": "", 
    "title": "", 
    "short_url": null, 
    "site": 1, 
    "in_sitemap": true, 
    "keywords_string": "", 
    "_meta_title": null, 
    "expiry_date": null, 
    "publish_date": "2014-03-12T10:37:01Z", 
    "image_collection_image": 45, 
    "photographer": 4, 
    "is_cover": false, 
    "image_file": "uploads/albums/the-green-army/ga_thrissur_11.jpg", 
    "audio": "109687765", 
    "slug": "-24", 
    "gen_description": true, 
    "location": 5
  }
},
{
  "pk": 26, 
  "model": "album.albumimage", 
  "fields": {
    "status": 2, 
    "album": 2, 
    "_order": 11, 
    "description": "A.T.Moideen serves his labourers black tea and achappam.", 
    "audio_file": "", 
    "title": "", 
    "short_url": null, 
    "site": 1, 
    "in_sitemap": true, 
    "keywords_string": "", 
    "_meta_title": null, 
    "expiry_date": null, 
    "publish_date": "2014-03-12T10:37:01Z", 
    "image_collection_image": 46, 
    "photographer": 4, 
    "is_cover": false, 
    "image_file": "uploads/albums/the-green-army/GA_Thrissur_12.jpg", 
    "audio": "109687772", 
    "slug": "-25", 
    "gen_description": true, 
    "location": 5
  }
},
{
  "pk": 27, 
  "model": "album.albumimage", 
  "fields": {
    "status": 2, 
    "album": 2, 
    "_order": 12, 
    "description": "The Green Army - Thrissur", 
    "audio_file": "", 
    "title": "", 
    "short_url": null, 
    "site": 1, 
    "in_sitemap": true, 
    "keywords_string": "", 
    "_meta_title": null, 
    "expiry_date": null, 
    "publish_date": "2014-03-12T11:01:48Z", 
    "image_collection_image": 47, 
    "photographer": 4, 
    "is_cover": false, 
    "image_file": "uploads/albums/the-green-army/GA_Thrissur_01.jpg", 
    "audio": "", 
    "slug": "-26", 
    "gen_description": true, 
    "location": 5
  }
}
]
