[
{
  "pk": 3, 
  "model": "album.imagecollection", 
  "fields": {
    "status": 2, 
    "description": "The koilawallahs of Godda", 
    "title": "The koilawallahs of Godda", 
    "short_url": null, 
    "site": 1, 
    "in_sitemap": true, 
    "keywords_string": "", 
    "_meta_title": null, 
    "expiry_date": null, 
    "publish_date": "2014-03-12T10:06:10.481Z", 
    "slug": "the-koilawallahs-of-godda", 
    "gen_description": true, 
    "zip_import": ""
  }
},
{
  "pk": 4, 
  "model": "album.imagecollection", 
  "fields": {
    "status": 2, 
    "description": "The Green Army", 
    "title": "The Green Army", 
    "short_url": null, 
    "site": 1, 
    "in_sitemap": true, 
    "keywords_string": "", 
    "_meta_title": null, 
    "expiry_date": null, 
    "publish_date": "2014-03-12T10:36:56.155Z", 
    "slug": "the-green-army", 
    "gen_description": true, 
    "zip_import": ""
  }
},
{
  "pk": 21, 
  "model": "album.imagecollectionimage", 
  "fields": {
    "status": 2, 
    "_order": 20, 
    "description": "Godda Koilawallah  9009", 
    "title": "", 
    "short_url": null, 
    "site": 1, 
    "in_sitemap": true, 
    "keywords_string": "", 
    "_meta_title": null, 
    "expiry_date": null, 
    "publish_date": "2014-03-12T10:06:10.622Z", 
    "file": "uploads/albums/the-koilawallahs-of-godda/Godda Koilawallah  9009.jpg", 
    "image_collection": 3, 
    "slug": "-20", 
    "gen_description": false
  }
},
{
  "pk": 22, 
  "model": "album.imagecollectionimage", 
  "fields": {
    "status": 2, 
    "_order": 21, 
    "description": "Godda Koilawallah 10010 CV", 
    "title": "", 
    "short_url": null, 
    "site": 1, 
    "in_sitemap": true, 
    "keywords_string": "", 
    "_meta_title": null, 
    "expiry_date": null, 
    "publish_date": "2014-03-12T10:06:10.829Z", 
    "file": "uploads/albums/the-koilawallahs-of-godda/Godda Koilawallah 10010 CV.jpg", 
    "image_collection": 3, 
    "slug": "-21", 
    "gen_description": false
  }
},
{
  "pk": 23, 
  "model": "album.imagecollectionimage", 
  "fields": {
    "status": 2, 
    "_order": 22, 
    "description": "Godda Koilawallah 11011", 
    "title": "", 
    "short_url": null, 
    "site": 1, 
    "in_sitemap": true, 
    "keywords_string": "", 
    "_meta_title": null, 
    "expiry_date": null, 
    "publish_date": "2014-03-12T10:06:11.045Z", 
    "file": "uploads/albums/the-koilawallahs-of-godda/Godda Koilawallah 11011.jpg", 
    "image_collection": 3, 
    "slug": "-22", 
    "gen_description": false
  }
},
{
  "pk": 24, 
  "model": "album.imagecollectionimage", 
  "fields": {
    "status": 2, 
    "_order": 23, 
    "description": "Godda Koilawallah 12012", 
    "title": "", 
    "short_url": null, 
    "site": 1, 
    "in_sitemap": true, 
    "keywords_string": "", 
    "_meta_title": null, 
    "expiry_date": null, 
    "publish_date": "2014-03-12T10:06:11.274Z", 
    "file": "uploads/albums/the-koilawallahs-of-godda/Godda Koilawallah 12012.jpg", 
    "image_collection": 3, 
    "slug": "-23", 
    "gen_description": false
  }
},
{
  "pk": 25, 
  "model": "album.imagecollectionimage", 
  "fields": {
    "status": 2, 
    "_order": 24, 
    "description": "Godda Koilawallah 13013", 
    "title": "", 
    "short_url": null, 
    "site": 1, 
    "in_sitemap": true, 
    "keywords_string": "", 
    "_meta_title": null, 
    "expiry_date": null, 
    "publish_date": "2014-03-12T10:06:11.552Z", 
    "file": "uploads/albums/the-koilawallahs-of-godda/Godda Koilawallah 13013.jpg", 
    "image_collection": 3, 
    "slug": "-24", 
    "gen_description": false
  }
},
{
  "pk": 26, 
  "model": "album.imagecollectionimage", 
  "fields": {
    "status": 2, 
    "_order": 25, 
    "description": "Godda Koilawallah 2002", 
    "title": "", 
    "short_url": null, 
    "site": 1, 
    "in_sitemap": true, 
    "keywords_string": "", 
    "_meta_title": null, 
    "expiry_date": null, 
    "publish_date": "2014-03-12T10:06:11.807Z", 
    "file": "uploads/albums/the-koilawallahs-of-godda/Godda Koilawallah 2002.jpg", 
    "image_collection": 3, 
    "slug": "-25", 
    "gen_description": false
  }
},
{
  "pk": 27, 
  "model": "album.imagecollectionimage", 
  "fields": {
    "status": 2, 
    "_order": 26, 
    "description": "Godda Koilawallah 3003", 
    "title": "", 
    "short_url": null, 
    "site": 1, 
    "in_sitemap": true, 
    "keywords_string": "", 
    "_meta_title": null, 
    "expiry_date": null, 
    "publish_date": "2014-03-12T10:06:12.062Z", 
    "file": "uploads/albums/the-koilawallahs-of-godda/Godda Koilawallah 3003.jpg", 
    "image_collection": 3, 
    "slug": "-26", 
    "gen_description": false
  }
},
{
  "pk": 28, 
  "model": "album.imagecollectionimage", 
  "fields": {
    "status": 2, 
    "_order": 27, 
    "description": "Godda Koilawallah 4005", 
    "title": "", 
    "short_url": null, 
    "site": 1, 
    "in_sitemap": true, 
    "keywords_string": "", 
    "_meta_title": null, 
    "expiry_date": null, 
    "publish_date": "2014-03-12T10:06:12.332Z", 
    "file": "uploads/albums/the-koilawallahs-of-godda/Godda Koilawallah 4005.jpg", 
    "image_collection": 3, 
    "slug": "-27", 
    "gen_description": false
  }
},
{
  "pk": 29, 
  "model": "album.imagecollectionimage", 
  "fields": {
    "status": 2, 
    "_order": 28, 
    "description": "Godda Koilawallah 5005", 
    "title": "", 
    "short_url": null, 
    "site": 1, 
    "in_sitemap": true, 
    "keywords_string": "", 
    "_meta_title": null, 
    "expiry_date": null, 
    "publish_date": "2014-03-12T10:06:12.646Z", 
    "file": "uploads/albums/the-koilawallahs-of-godda/Godda Koilawallah 5005.jpg", 
    "image_collection": 3, 
    "slug": "-28", 
    "gen_description": false
  }
},
{
  "pk": 30, 
  "model": "album.imagecollectionimage", 
  "fields": {
    "status": 2, 
    "_order": 29, 
    "description": "Godda Koilawallah 6006", 
    "title": "", 
    "short_url": null, 
    "site": 1, 
    "in_sitemap": true, 
    "keywords_string": "", 
    "_meta_title": null, 
    "expiry_date": null, 
    "publish_date": "2014-03-12T10:06:12.963Z", 
    "file": "uploads/albums/the-koilawallahs-of-godda/Godda Koilawallah 6006.jpg", 
    "image_collection": 3, 
    "slug": "-29", 
    "gen_description": false
  }
},
{
  "pk": 31, 
  "model": "album.imagecollectionimage", 
  "fields": {
    "status": 2, 
    "_order": 30, 
    "description": "Godda Koilawallah 7007", 
    "title": "", 
    "short_url": null, 
    "site": 1, 
    "in_sitemap": true, 
    "keywords_string": "", 
    "_meta_title": null, 
    "expiry_date": null, 
    "publish_date": "2014-03-12T10:06:13.275Z", 
    "file": "uploads/albums/the-koilawallahs-of-godda/Godda Koilawallah 7007.jpg", 
    "image_collection": 3, 
    "slug": "-30", 
    "gen_description": false
  }
},
{
  "pk": 32, 
  "model": "album.imagecollectionimage", 
  "fields": {
    "status": 2, 
    "_order": 31, 
    "description": "Godda Koilawallah 8008", 
    "title": "", 
    "short_url": null, 
    "site": 1, 
    "in_sitemap": true, 
    "keywords_string": "", 
    "_meta_title": null, 
    "expiry_date": null, 
    "publish_date": "2014-03-12T10:06:13.620Z", 
    "file": "uploads/albums/the-koilawallahs-of-godda/Godda Koilawallah 8008.jpg", 
    "image_collection": 3, 
    "slug": "-31", 
    "gen_description": false
  }
},
{
  "pk": 33, 
  "model": "album.imagecollectionimage", 
  "fields": {
    "status": 2, 
    "_order": 32, 
    "description": "Godda Koilawallah 14014", 
    "title": "", 
    "short_url": null, 
    "site": 1, 
    "in_sitemap": true, 
    "keywords_string": "", 
    "_meta_title": null, 
    "expiry_date": null, 
    "publish_date": "2014-03-12T10:33:12.909Z", 
    "file": "uploads/albums/the-koilawallahs-of-godda/godda_koilawallah_14014.jpg", 
    "image_collection": 3, 
    "slug": "-32", 
    "gen_description": false
  }
},
{
  "pk": 34, 
  "model": "album.imagecollectionimage", 
  "fields": {
    "status": 2, 
    "_order": 33, 
    "description": "Godda Koilawallah 1001", 
    "title": "", 
    "short_url": null, 
    "site": 1, 
    "in_sitemap": true, 
    "keywords_string": "", 
    "_meta_title": null, 
    "expiry_date": null, 
    "publish_date": "2014-03-12T10:33:13.235Z", 
    "file": "uploads/albums/the-koilawallahs-of-godda/godda_koilawallah_1001.jpg", 
    "image_collection": 3, 
    "slug": "-33", 
    "gen_description": false
  }
},
{
  "pk": 35, 
  "model": "album.imagecollectionimage", 
  "fields": {
    "status": 2, 
    "_order": 34, 
    "description": "GA Thrissur 01", 
    "title": "", 
    "short_url": null, 
    "site": 1, 
    "in_sitemap": true, 
    "keywords_string": "", 
    "_meta_title": null, 
    "expiry_date": null, 
    "publish_date": "2014-03-12T10:36:56.356Z", 
    "file": "uploads/albums/the-green-army/GA_Thrissur_01.jpg", 
    "image_collection": 4, 
    "slug": "-34", 
    "gen_description": false
  }
},
{
  "pk": 36, 
  "model": "album.imagecollectionimage", 
  "fields": {
    "status": 2, 
    "_order": 35, 
    "description": "Ga Thrissur 02", 
    "title": "", 
    "short_url": null, 
    "site": 1, 
    "in_sitemap": true, 
    "keywords_string": "", 
    "_meta_title": null, 
    "expiry_date": null, 
    "publish_date": "2014-03-12T10:36:56.743Z", 
    "file": "uploads/albums/the-green-army/ga_thrissur_02.jpg", 
    "image_collection": 4, 
    "slug": "-35", 
    "gen_description": false
  }
},
{
  "pk": 37, 
  "model": "album.imagecollectionimage", 
  "fields": {
    "status": 2, 
    "_order": 36, 
    "description": "Ga Thrissur 03", 
    "title": "", 
    "short_url": null, 
    "site": 1, 
    "in_sitemap": true, 
    "keywords_string": "", 
    "_meta_title": null, 
    "expiry_date": null, 
    "publish_date": "2014-03-12T10:36:57.145Z", 
    "file": "uploads/albums/the-green-army/ga_thrissur_03.jpg", 
    "image_collection": 4, 
    "slug": "-36", 
    "gen_description": false
  }
},
{
  "pk": 38, 
  "model": "album.imagecollectionimage", 
  "fields": {
    "status": 2, 
    "_order": 37, 
    "description": "Ga Thrissur 04", 
    "title": "", 
    "short_url": null, 
    "site": 1, 
    "in_sitemap": true, 
    "keywords_string": "", 
    "_meta_title": null, 
    "expiry_date": null, 
    "publish_date": "2014-03-12T10:36:57.589Z", 
    "file": "uploads/albums/the-green-army/ga_thrissur_04.jpg", 
    "image_collection": 4, 
    "slug": "-37", 
    "gen_description": false
  }
},
{
  "pk": 39, 
  "model": "album.imagecollectionimage", 
  "fields": {
    "status": 2, 
    "_order": 38, 
    "description": "Ga Thrissur 05", 
    "title": "", 
    "short_url": null, 
    "site": 1, 
    "in_sitemap": true, 
    "keywords_string": "", 
    "_meta_title": null, 
    "expiry_date": null, 
    "publish_date": "2014-03-12T10:36:58.018Z", 
    "file": "uploads/albums/the-green-army/ga_thrissur_05.jpg", 
    "image_collection": 4, 
    "slug": "-38", 
    "gen_description": false
  }
},
{
  "pk": 40, 
  "model": "album.imagecollectionimage", 
  "fields": {
    "status": 2, 
    "_order": 39, 
    "description": "Ga Thrissur 06", 
    "title": "", 
    "short_url": null, 
    "site": 1, 
    "in_sitemap": true, 
    "keywords_string": "", 
    "_meta_title": null, 
    "expiry_date": null, 
    "publish_date": "2014-03-12T10:36:58.487Z", 
    "file": "uploads/albums/the-green-army/ga_thrissur_06.jpg", 
    "image_collection": 4, 
    "slug": "-39", 
    "gen_description": false
  }
},
{
  "pk": 41, 
  "model": "album.imagecollectionimage", 
  "fields": {
    "status": 2, 
    "_order": 40, 
    "description": "Ga Thrissur 07", 
    "title": "", 
    "short_url": null, 
    "site": 1, 
    "in_sitemap": true, 
    "keywords_string": "", 
    "_meta_title": null, 
    "expiry_date": null, 
    "publish_date": "2014-03-12T10:36:58.941Z", 
    "file": "uploads/albums/the-green-army/ga_thrissur_07.jpg", 
    "image_collection": 4, 
    "slug": "-40", 
    "gen_description": false
  }
},
{
  "pk": 42, 
  "model": "album.imagecollectionimage", 
  "fields": {
    "status": 2, 
    "_order": 41, 
    "description": "Ga Thrissur 08", 
    "title": "", 
    "short_url": null, 
    "site": 1, 
    "in_sitemap": true, 
    "keywords_string": "", 
    "_meta_title": null, 
    "expiry_date": null, 
    "publish_date": "2014-03-12T10:36:59.398Z", 
    "file": "uploads/albums/the-green-army/ga_thrissur_08.jpg", 
    "image_collection": 4, 
    "slug": "-41", 
    "gen_description": false
  }
},
{
  "pk": 43, 
  "model": "album.imagecollectionimage", 
  "fields": {
    "status": 2, 
    "_order": 42, 
    "description": "Ga Thrissur 09", 
    "title": "", 
    "short_url": null, 
    "site": 1, 
    "in_sitemap": true, 
    "keywords_string": "", 
    "_meta_title": null, 
    "expiry_date": null, 
    "publish_date": "2014-03-12T10:36:59.897Z", 
    "file": "uploads/albums/the-green-army/ga_thrissur_09.jpg", 
    "image_collection": 4, 
    "slug": "-42", 
    "gen_description": false
  }
},
{
  "pk": 44, 
  "model": "album.imagecollectionimage", 
  "fields": {
    "status": 2, 
    "_order": 43, 
    "description": "Ga Thrissur 10", 
    "title": "", 
    "short_url": null, 
    "site": 1, 
    "in_sitemap": true, 
    "keywords_string": "", 
    "_meta_title": null, 
    "expiry_date": null, 
    "publish_date": "2014-03-12T10:37:00.371Z", 
    "file": "uploads/albums/the-green-army/ga_thrissur_10.jpg", 
    "image_collection": 4, 
    "slug": "-43", 
    "gen_description": false
  }
},
{
  "pk": 45, 
  "model": "album.imagecollectionimage", 
  "fields": {
    "status": 2, 
    "_order": 44, 
    "description": "Ga Thrissur 11", 
    "title": "", 
    "short_url": null, 
    "site": 1, 
    "in_sitemap": true, 
    "keywords_string": "", 
    "_meta_title": null, 
    "expiry_date": null, 
    "publish_date": "2014-03-12T10:37:00.878Z", 
    "file": "uploads/albums/the-green-army/ga_thrissur_11.jpg", 
    "image_collection": 4, 
    "slug": "-44", 
    "gen_description": false
  }
},
{
  "pk": 46, 
  "model": "album.imagecollectionimage", 
  "fields": {
    "status": 2, 
    "_order": 45, 
    "description": "GA Thrissur 12", 
    "title": "", 
    "short_url": null, 
    "site": 1, 
    "in_sitemap": true, 
    "keywords_string": "", 
    "_meta_title": null, 
    "expiry_date": null, 
    "publish_date": "2014-03-12T10:37:01.379Z", 
    "file": "uploads/albums/the-green-army/GA_Thrissur_12.jpg", 
    "image_collection": 4, 
    "slug": "-45", 
    "gen_description": false
  }
},
{
  "pk": 47, 
  "model": "album.imagecollectionimage", 
  "fields": {
    "status": 2, 
    "_order": 46, 
    "description": "GA Thrissur 01", 
    "title": "", 
    "short_url": null, 
    "site": 1, 
    "in_sitemap": true, 
    "keywords_string": "", 
    "_meta_title": null, 
    "expiry_date": null, 
    "publish_date": "2014-03-12T11:01:48.189Z", 
    "file": "uploads/albums/the-green-army/GA_Thrissur_01.jpg", 
    "image_collection": 4, 
    "slug": "-46", 
    "gen_description": false
  }
},
{
  "pk": 1, 
  "model": "album.album", 
  "fields": {
    "status": 2, 
    "articles": [], 
    "description": "Recycling energy takes cycles and lots of energy", 
    "title": "The koilawallahs of Godda", 
    "short_url": null, 
    "site": 1, 
    "in_sitemap": true, 
    "keywords_string": "", 
    "_meta_title": null, 
    "predominant_tone": "colour", 
    "expiry_date": null, 
    "publish_date": "2013-07-04T06:14:06Z", 
    "location": 1, 
    "meta_data": "", 
    "photographer": 1, 
    "image_collection": 3, 
    "slug": "the-koilawallahs-of-godda", 
    "gen_description": false, 
    "zip_import": ""
  }
},
{
  "pk": 2, 
  "model": "album.album", 
  "fields": {
    "status": 2, 
    "articles": [], 
    "description": "The Green Army", 
    "title": "The Green Army", 
    "short_url": null, 
    "site": 1, 
    "in_sitemap": true, 
    "keywords_string": "", 
    "_meta_title": null, 
    "predominant_tone": "colour", 
    "expiry_date": null, 
    "publish_date": "2013-08-19T01:33:53Z", 
    "location": 2, 
    "meta_data": "", 
    "photographer": 2, 
    "image_collection": 4, 
    "slug": "the-green-army", 
    "gen_description": false, 
    "zip_import": ""
  }
},
{
  "pk": 1, 
  "model": "album.albumimage", 
  "fields": {
    "status": 2, 
    "album": 1, 
    "_order": 8, 
    "description": "The koilawallahs move in lines of 8 to 20", 
    "title": "", 
    "short_url": null, 
    "site": 1, 
    "in_sitemap": true, 
    "keywords_string": "", 
    "_meta_title": null, 
    "expiry_date": null, 
    "publish_date": "1993-09-01T12:54:05Z", 
    "image_collection_image": 21, 
    "photographer": 1, 
    "is_cover": false, 
    "image_file": "uploads/albums/the-koilawallahs-of-godda/Godda Koilawallah  9009.jpg", 
    "audio": "101537999", 
    "slug": "", 
    "gen_description": true, 
    "location": 1
  }
},
{
  "pk": 2, 
  "model": "album.albumimage", 
  "fields": {
    "status": 2, 
    "album": 1, 
    "_order": 9, 
    "description": "Team effort is also important in coping with uphill stretches or while crossing a pond or stream", 
    "title": "", 
    "short_url": null, 
    "site": 1, 
    "in_sitemap": true, 
    "keywords_string": "", 
    "_meta_title": null, 
    "expiry_date": null, 
    "publish_date": "1993-09-01T12:54:05Z", 
    "image_collection_image": 22, 
    "photographer": 1, 
    "is_cover": false, 
    "image_file": "uploads/albums/the-koilawallahs-of-godda/Godda Koilawallah 10010 CV.jpg", 
    "audio": "101537988", 
    "slug": "-1", 
    "gen_description": true, 
    "location": 1
  }
},
{
  "pk": 3, 
  "model": "album.albumimage", 
  "fields": {
    "status": 2, 
    "album": 1, 
    "_order": 10, 
    "description": "Men from different castes sitting down together for their meal  -  unusual in itself, even if they do not share from each other\u2019s lunch box", 
    "title": "", 
    "short_url": null, 
    "site": 1, 
    "in_sitemap": true, 
    "keywords_string": "", 
    "_meta_title": null, 
    "expiry_date": null, 
    "publish_date": "1993-09-01T12:54:05Z", 
    "image_collection_image": 23, 
    "photographer": 1, 
    "is_cover": false, 
    "image_file": "uploads/albums/the-koilawallahs-of-godda/Godda Koilawallah 11011.jpg", 
    "audio": "101537972", 
    "slug": "-2", 
    "gen_description": true, 
    "location": 1
  }
},
{
  "pk": 4, 
  "model": "album.albumimage", 
  "fields": {
    "status": 2, 
    "album": 1, 
    "_order": 11, 
    "description": "When \u2018parking\u2019 a fully-laden bicycle, you use a metal rod, or a very strong wooden stick, propping up the load on one side", 
    "title": "", 
    "short_url": null, 
    "site": 1, 
    "in_sitemap": true, 
    "keywords_string": "", 
    "_meta_title": null, 
    "expiry_date": null, 
    "publish_date": "1993-09-01T12:54:05Z", 
    "image_collection_image": 24, 
    "photographer": 1, 
    "is_cover": false, 
    "image_file": "uploads/albums/the-koilawallahs-of-godda/Godda Koilawallah 12012.jpg", 
    "audio": "101537955", 
    "slug": "-3", 
    "gen_description": true, 
    "location": 1
  }
},
{
  "pk": 5, 
  "model": "album.albumimage", 
  "fields": {
    "status": 2, 
    "album": 1, 
    "_order": 12, 
    "description": "This overladen bike collapsed and has probably done its last journey for a while", 
    "title": "", 
    "short_url": null, 
    "site": 1, 
    "in_sitemap": true, 
    "keywords_string": "", 
    "_meta_title": null, 
    "expiry_date": null, 
    "publish_date": "1993-09-01T12:54:05Z", 
    "image_collection_image": 25, 
    "photographer": 1, 
    "is_cover": false, 
    "image_file": "uploads/albums/the-koilawallahs-of-godda/Godda Koilawallah 13013.jpg", 
    "audio": "101537944", 
    "slug": "-4", 
    "gen_description": true, 
    "location": 1
  }
},
{
  "pk": 6, 
  "model": "album.albumimage", 
  "fields": {
    "status": 2, 
    "album": 1, 
    "_order": 1, 
    "description": "Kishen Yadav pushing his heavy load of coal on a bicycle with reinforced bars and without a chain (since he\u2019s removed that to reduce friction)", 
    "title": "", 
    "short_url": null, 
    "site": 1, 
    "in_sitemap": true, 
    "keywords_string": "", 
    "_meta_title": null, 
    "expiry_date": null, 
    "publish_date": "1993-09-01T12:54:05Z", 
    "image_collection_image": 26, 
    "photographer": 1, 
    "is_cover": false, 
    "image_file": "uploads/albums/the-koilawallahs-of-godda/Godda Koilawallah 2002.jpg", 
    "audio": "101538075", 
    "slug": "-5", 
    "gen_description": true, 
    "location": 1
  }
},
{
  "pk": 7, 
  "model": "album.albumimage", 
  "fields": {
    "status": 2, 
    "album": 1, 
    "_order": 2, 
    "description": "The loads range between 150 to 250 kilograms", 
    "title": "", 
    "short_url": null, 
    "site": 1, 
    "in_sitemap": true, 
    "keywords_string": "", 
    "_meta_title": null, 
    "expiry_date": null, 
    "publish_date": "1993-09-01T12:54:05Z", 
    "image_collection_image": 27, 
    "photographer": 1, 
    "is_cover": false, 
    "image_file": "uploads/albums/the-koilawallahs-of-godda/Godda Koilawallah 3003.jpg", 
    "audio": "101538067", 
    "slug": "-6", 
    "gen_description": true, 
    "location": 1
  }
},
{
  "pk": 8, 
  "model": "album.albumimage", 
  "fields": {
    "status": 2, 
    "album": 1, 
    "_order": 3, 
    "description": "Arun Sah used to push much heavier loads", 
    "title": "", 
    "short_url": null, 
    "site": 1, 
    "in_sitemap": true, 
    "keywords_string": "", 
    "_meta_title": null, 
    "expiry_date": null, 
    "publish_date": "1993-09-01T12:54:05Z", 
    "image_collection_image": 28, 
    "photographer": 1, 
    "is_cover": false, 
    "image_file": "uploads/albums/the-koilawallahs-of-godda/Godda Koilawallah 4005.jpg", 
    "audio": "101538042", 
    "slug": "-7", 
    "gen_description": true, 
    "location": 1
  }
},
{
  "pk": 9, 
  "model": "album.albumimage", 
  "fields": {
    "status": 2, 
    "album": 1, 
    "_order": 4, 
    "description": "Imagine trying to push this one 40-60 kilometres or more!", 
    "title": "", 
    "short_url": null, 
    "site": 1, 
    "in_sitemap": true, 
    "keywords_string": "", 
    "_meta_title": null, 
    "expiry_date": null, 
    "publish_date": "1993-09-01T12:54:05Z", 
    "image_collection_image": 29, 
    "photographer": 1, 
    "is_cover": false, 
    "image_file": "uploads/albums/the-koilawallahs-of-godda/Godda Koilawallah 5005.jpg", 
    "audio": "101538029", 
    "slug": "-8", 
    "gen_description": true, 
    "location": 1
  }
},
{
  "pk": 10, 
  "model": "album.albumimage", 
  "fields": {
    "status": 2, 
    "album": 1, 
    "_order": 5, 
    "description": "Manto Manjhi takes a break", 
    "title": "", 
    "short_url": null, 
    "site": 1, 
    "in_sitemap": true, 
    "keywords_string": "", 
    "_meta_title": null, 
    "expiry_date": null, 
    "publish_date": "1993-09-01T12:54:05Z", 
    "image_collection_image": 30, 
    "photographer": 1, 
    "is_cover": false, 
    "image_file": "uploads/albums/the-koilawallahs-of-godda/Godda Koilawallah 6006.jpg", 
    "audio": "101538090", 
    "slug": "-9", 
    "gen_description": true, 
    "location": 1
  }
},
{
  "pk": 11, 
  "model": "album.albumimage", 
  "fields": {
    "status": 2, 
    "album": 1, 
    "_order": 6, 
    "description": "Puran is around 14 years old, but the strenuous labour he does makes him look older and tougher  ", 
    "title": "", 
    "short_url": null, 
    "site": 1, 
    "in_sitemap": true, 
    "keywords_string": "", 
    "_meta_title": null, 
    "expiry_date": null, 
    "publish_date": "1993-09-01T12:54:05Z", 
    "image_collection_image": 31, 
    "photographer": 1, 
    "is_cover": false, 
    "image_file": "uploads/albums/the-koilawallahs-of-godda/Godda Koilawallah 7007.jpg", 
    "audio": "101538018", 
    "slug": "-10", 
    "gen_description": true, 
    "location": 1
  }
},
{
  "pk": 12, 
  "model": "album.albumimage", 
  "fields": {
    "status": 2, 
    "album": 1, 
    "_order": 7, 
    "description": "Puran\u2019s load is lighter, relatively speaking, but that doesn\u2019t mean you and I can do it", 
    "title": "", 
    "short_url": null, 
    "site": 1, 
    "in_sitemap": true, 
    "keywords_string": "", 
    "_meta_title": null, 
    "expiry_date": null, 
    "publish_date": "1993-09-01T12:54:05Z", 
    "image_collection_image": 32, 
    "photographer": 1, 
    "is_cover": false, 
    "image_file": "uploads/albums/the-koilawallahs-of-godda/Godda Koilawallah 8008.jpg", 
    "audio": "101538008", 
    "slug": "-11", 
    "gen_description": true, 
    "location": 1
  }
},
{
  "pk": 13, 
  "model": "album.albumimage", 
  "fields": {
    "status": 2, 
    "album": 1, 
    "_order": 13, 
    "description": "With a cargo so huge, even a mild upward incline has the koilawallah struggling", 
    "title": "", 
    "short_url": null, 
    "site": 1, 
    "in_sitemap": true, 
    "keywords_string": "", 
    "_meta_title": null, 
    "expiry_date": null, 
    "publish_date": "1993-09-01T12:54:05Z", 
    "image_collection_image": 33, 
    "photographer": 1, 
    "is_cover": false, 
    "image_file": "uploads/albums/the-koilawallahs-of-godda/godda_koilawallah_14014.jpg", 
    "audio": "101537934", 
    "slug": "-12", 
    "gen_description": true, 
    "location": 1
  }
},
{
  "pk": 14, 
  "model": "album.albumimage", 
  "fields": {
    "status": 2, 
    "album": 1, 
    "_order": 0, 
    "description": "The koilawallahs, or coal carriers of Godda district try earning a living by picking up coal from the waste dumps near the Rajmahal mining project at Lalmatiya and pushing huge loads of it  --  ranging from 100 to 250 kilograms  --  to Godda town 40 kilometres away", 
    "title": "", 
    "short_url": null, 
    "site": 1, 
    "in_sitemap": true, 
    "keywords_string": "", 
    "_meta_title": null, 
    "expiry_date": null, 
    "publish_date": "1993-09-01T12:54:05Z", 
    "image_collection_image": 34, 
    "photographer": 1, 
    "is_cover": true, 
    "image_file": "uploads/albums/the-koilawallahs-of-godda/godda_koilawallah_1001.jpg", 
    "audio": "101537901", 
    "slug": "-13", 
    "gen_description": true, 
    "location": 1
  }
},
{
  "pk": 15, 
  "model": "album.albumimage", 
  "fields": {
    "status": 2, 
    "album": 2, 
    "_order": 0, 
    "description": "Varavattoor Village, Desamangalam Panchayat, Wadakkanchery", 
    "title": "", 
    "short_url": null, 
    "site": 1, 
    "in_sitemap": true, 
    "keywords_string": "", 
    "_meta_title": null, 
    "expiry_date": null, 
    "publish_date": "2014-03-12T10:36:56Z", 
    "image_collection_image": 35, 
    "photographer": 2, 
    "is_cover": true, 
    "image_file": "uploads/albums/the-green-army/GA_Thrissur_01.jpg", 
    "audio": "109687682", 
    "slug": "-14", 
    "gen_description": true, 
    "location": 2
  }
},
{
  "pk": 16, 
  "model": "album.albumimage", 
  "fields": {
    "status": 2, 
    "album": 2, 
    "_order": 1, 
    "description": "AT Moideen is one of ten farmers sharing fifteen acres in this part of the village", 
    "title": "", 
    "short_url": null, 
    "site": 1, 
    "in_sitemap": true, 
    "keywords_string": "", 
    "_meta_title": null, 
    "expiry_date": null, 
    "publish_date": "2014-03-12T10:36:56Z", 
    "image_collection_image": 36, 
    "photographer": 2, 
    "is_cover": false, 
    "image_file": "uploads/albums/the-green-army/ga_thrissur_02.jpg", 
    "audio": "109687697", 
    "slug": "-15", 
    "gen_description": true, 
    "location": 2
  }
},
{
  "pk": 17, 
  "model": "album.albumimage", 
  "fields": {
    "status": 2, 
    "album": 2, 
    "_order": 2, 
    "description": "Lata has been with the Green Army for five years and was involved with Kudumbashree over eight years.", 
    "title": "", 
    "short_url": null, 
    "site": 1, 
    "in_sitemap": true, 
    "keywords_string": "", 
    "_meta_title": null, 
    "expiry_date": null, 
    "publish_date": "2014-03-12T10:36:57Z", 
    "image_collection_image": 37, 
    "photographer": 2, 
    "is_cover": false, 
    "image_file": "uploads/albums/the-green-army/ga_thrissur_03.jpg", 
    "audio": "109687709", 
    "slug": "-16", 
    "gen_description": true, 
    "location": 2
  }
},
{
  "pk": 18, 
  "model": "album.albumimage", 
  "fields": {
    "status": 2, 
    "album": 2, 
    "_order": 3, 
    "description": "Padmavadi has been with the green army for four years and first heard about it through the Panchayat", 
    "title": "", 
    "short_url": null, 
    "site": 1, 
    "in_sitemap": true, 
    "keywords_string": "", 
    "_meta_title": null, 
    "expiry_date": null, 
    "publish_date": "2014-03-12T10:36:57Z", 
    "image_collection_image": 38, 
    "photographer": 2, 
    "is_cover": false, 
    "image_file": "uploads/albums/the-green-army/ga_thrissur_04.jpg", 
    "audio": "109687713", 
    "slug": "-17", 
    "gen_description": true, 
    "location": 2
  }
},
{
  "pk": 19, 
  "model": "album.albumimage", 
  "fields": {
    "status": 2, 
    "album": 2, 
    "_order": 4, 
    "description": "Lata\u2019s teammate takes a moment to survey the wet field before starting work on it with the transplanter.", 
    "title": "", 
    "short_url": null, 
    "site": 1, 
    "in_sitemap": true, 
    "keywords_string": "", 
    "_meta_title": null, 
    "expiry_date": null, 
    "publish_date": "2014-03-12T10:36:58Z", 
    "image_collection_image": 39, 
    "photographer": 2, 
    "is_cover": false, 
    "image_file": "uploads/albums/the-green-army/ga_thrissur_05.jpg", 
    "audio": "109687717", 
    "slug": "-18", 
    "gen_description": true, 
    "location": 2
  }
},
{
  "pk": 20, 
  "model": "album.albumimage", 
  "fields": {
    "status": 2, 
    "album": 2, 
    "_order": 5, 
    "description": "Seedbeds for transplanting", 
    "title": "", 
    "short_url": null, 
    "site": 1, 
    "in_sitemap": true, 
    "keywords_string": "", 
    "_meta_title": null, 
    "expiry_date": null, 
    "publish_date": "2014-03-12T10:36:58Z", 
    "image_collection_image": 40, 
    "photographer": 2, 
    "is_cover": false, 
    "image_file": "uploads/albums/the-green-army/ga_thrissur_06.jpg", 
    "audio": "109687730", 
    "slug": "-19", 
    "gen_description": true, 
    "location": 2
  }
},
{
  "pk": 21, 
  "model": "album.albumimage", 
  "fields": {
    "status": 2, 
    "album": 2, 
    "_order": 6, 
    "description": "It is on this sheet that the seeds are sown by the farmer.", 
    "title": "", 
    "short_url": null, 
    "site": 1, 
    "in_sitemap": true, 
    "keywords_string": "", 
    "_meta_title": null, 
    "expiry_date": null, 
    "publish_date": "2014-03-12T10:36:59Z", 
    "image_collection_image": 41, 
    "photographer": 2, 
    "is_cover": false, 
    "image_file": "uploads/albums/the-green-army/ga_thrissur_07.jpg", 
    "audio": "109687739", 
    "slug": "-20", 
    "gen_description": true, 
    "location": 2
  }
},
{
  "pk": 22, 
  "model": "album.albumimage", 
  "fields": {
    "status": 2, 
    "album": 2, 
    "_order": 7, 
    "description": "Padmavadi floats sliced portions of the seedbed to the transplanter.", 
    "title": "", 
    "short_url": null, 
    "site": 1, 
    "in_sitemap": true, 
    "keywords_string": "", 
    "_meta_title": null, 
    "expiry_date": null, 
    "publish_date": "2014-03-12T10:36:59Z", 
    "image_collection_image": 42, 
    "photographer": 2, 
    "is_cover": false, 
    "image_file": "uploads/albums/the-green-army/ga_thrissur_08.jpg", 
    "audio": "109687744", 
    "slug": "-21", 
    "gen_description": true, 
    "location": 2
  }
},
{
  "pk": 23, 
  "model": "album.albumimage", 
  "fields": {
    "status": 2, 
    "album": 2, 
    "_order": 8, 
    "description": "Lata feeds paddy mats into the arm while her partner steers the transplanter.", 
    "title": "", 
    "short_url": null, 
    "site": 1, 
    "in_sitemap": true, 
    "keywords_string": "", 
    "_meta_title": null, 
    "expiry_date": null, 
    "publish_date": "2014-03-12T10:37:00Z", 
    "image_collection_image": 43, 
    "photographer": 2, 
    "is_cover": false, 
    "image_file": "uploads/albums/the-green-army/ga_thrissur_09.jpg", 
    "audio": "109687749", 
    "slug": "-22", 
    "gen_description": true, 
    "location": 2
  }
},
{
  "pk": 24, 
  "model": "album.albumimage", 
  "fields": {
    "status": 2, 
    "album": 2, 
    "_order": 9, 
    "description": "A small piece of paddy mat thrown to the bank.", 
    "title": "", 
    "short_url": null, 
    "site": 1, 
    "in_sitemap": true, 
    "keywords_string": "", 
    "_meta_title": null, 
    "expiry_date": null, 
    "publish_date": "2014-03-12T10:37:00Z", 
    "image_collection_image": 44, 
    "photographer": 2, 
    "is_cover": false, 
    "image_file": "uploads/albums/the-green-army/ga_thrissur_10.jpg", 
    "audio": "109687757", 
    "slug": "-23", 
    "gen_description": true, 
    "location": 2
  }
},
{
  "pk": 25, 
  "model": "album.albumimage", 
  "fields": {
    "status": 2, 
    "album": 2, 
    "_order": 10, 
    "description": "Padmavadi, with three others combs through the fields to transplant rice in pockets missed by the transplanter arm", 
    "title": "", 
    "short_url": null, 
    "site": 1, 
    "in_sitemap": true, 
    "keywords_string": "", 
    "_meta_title": null, 
    "expiry_date": null, 
    "publish_date": "2014-03-12T10:37:01Z", 
    "image_collection_image": 45, 
    "photographer": 2, 
    "is_cover": false, 
    "image_file": "uploads/albums/the-green-army/ga_thrissur_11.jpg", 
    "audio": "109687765", 
    "slug": "-24", 
    "gen_description": true, 
    "location": 2
  }
},
{
  "pk": 26, 
  "model": "album.albumimage", 
  "fields": {
    "status": 2, 
    "album": 2, 
    "_order": 11, 
    "description": "A.T.Moideen serves his labourers black tea and achappam.", 
    "title": "", 
    "short_url": null, 
    "site": 1, 
    "in_sitemap": true, 
    "keywords_string": "", 
    "_meta_title": null, 
    "expiry_date": null, 
    "publish_date": "2014-03-12T10:37:01Z", 
    "image_collection_image": 46, 
    "photographer": 2, 
    "is_cover": false, 
    "image_file": "uploads/albums/the-green-army/GA_Thrissur_12.jpg", 
    "audio": "109687772", 
    "slug": "-25", 
    "gen_description": true, 
    "location": 2
  }
},
{
  "pk": 27, 
  "model": "album.albumimage", 
  "fields": {
    "status": 2, 
    "album": 2, 
    "_order": 12, 
    "description": "The Green Army - Thrissur", 
    "title": "", 
    "short_url": null, 
    "site": 1, 
    "in_sitemap": true, 
    "keywords_string": "", 
    "_meta_title": null, 
    "expiry_date": null, 
    "publish_date": "2014-03-12T11:01:48Z", 
    "image_collection_image": 47, 
    "photographer": 2, 
    "is_cover": false, 
    "image_file": "uploads/albums/the-green-army/GA_Thrissur_01.jpg", 
    "audio": "", 
    "slug": "-26", 
    "gen_description": true, 
    "location": 2
  }
}
]
